product_id,sku,name,category,brand,current_price,cost_price,margin_rate,current_stock,min_stock,reorder_point,max_stock,lead_time_days,status,competitor_price,product_id_original
1,1,Produit 1,Laptops,1,1310.0,982.5,0.25,22,2,5,30,7,active,1302.797967403958,1
12,10,Produit 10,Accessories,10,32.0,24.0,0.25,87,8,15,61,7,active,31.74943422584401,2
23,11,Produit 11,Accessories,11,79.0,59.25,0.25,63,6,11,46,7,active,78.47417694994179,3
31,12,Produit 12,Desktops,12,1333.24,999.93,0.25,339,2,5,30,7,active,1328.2581001164144,4
32,13,Produit 13,Laptops,13,2300.0,1725.0,0.25,12,2,5,30,7,active,2286.837236321304,5
33,14,Produit 14,Laptops,14,1149.0,861.75,0.25,9,2,5,30,7,active,1143.8280186263096,6
34,15,Produit 15,Accessories,15,30.0,22.5,0.25,0,3,6,30,7,active,29.78873108265425,7
35,16,Produit 16,Laptops,16,1900.0,1425.0,0.25,29,2,5,30,7,active,1891.7741792782303,8
36,17,Produit 17,Network,17,189.0,141.75,0.25,4,2,5,30,7,active,187.50378346915016,9
2,18,Produit 18,Accessories,18,14.0,10.5,0.25,7,5,10,40,7,active,13.878325960419092,10
3,19,Produit 19,Monitors,19,200.0,150.0,0.25,14,2,5,30,7,active,199.3603864959255,11
4,2,Produit 2,Laptops,2,1000.0,750.0,0.25,11,2,5,30,7,active,995.8176833527358,12
5,20,Produit 20,Printers,20,659.0,494.25,0.25,56,2,5,30,7,active,656.7040675203725,13
6,21,Produit 21,Printers,21,679.0,509.25,0.25,12,2,5,30,7,active,675.3789173457509,14
7,22,Produit 22,Laptops,22,1759.0,1319.25,0.25,19,2,5,30,7,active,1750.7906821885915,15
8,23,Produit 23,Monitors,23,1087.39,815.54,0.25,17,2,5,30,7,active,1084.085122235157,16
9,24,Produit 24,Laptops,24,1859.0,1394.25,0.25,23,2,5,30,7,active,1850.167175785797,17
10,25,Produit 25,Laptops,25,1709.0,1281.75,0.25,26,2,5,30,7,active,1699.0302724097787,18
11,26,Produit 26,Laptops,26,1680.0,1260.0,0.25,34,2,5,30,7,active,1672.1021746216531,19
13,27,Produit 27,Laptops,27,1539.0,1154.25,0.25,42,2,5,30,7,active,1531.309292200233,20
14,28,Produit 28,Accessories,28,34.65,25.99,0.25,0,5,10,39,7,active,34.39762747380675,21
15,29,Produit 29,Desktops,29,3465.93,2599.45,0.25,25,2,5,30,7,active,3452.237206053551,22
16,3,Produit 3,WearablesAudio,3,120.0,90.0,0.25,0,2,5,30,7,active,119.36718509895226,23
17,30,Produit 30,Desktops,30,340.91,255.68,0.25,450,2,5,30,7,active,339.7386938300349,24
18,31,Produit 31,Network,31,99.0,74.25,0.25,43,2,5,30,7,active,98.31551105937136,25
19,32,Produit 32,Components,32,228.01,171.01,0.25,258,2,5,30,7,active,226.57802328288707,26
20,33,Produit 33,Components,33,70.0,52.5,0.25,1,2,5,30,7,active,69.60733410942957,27
21,34,Produit 34,Laptops,34,1690.0,1267.5,0.25,7,2,5,30,7,active,1682.2509662398138,28
22,35,Produit 35,Laptops,35,1675.0,1256.25,0.25,22,2,5,30,7,active,1664.6287660069847,29
24,36,Produit 36,Laptops,36,2000.0,1500.0,0.25,74,2,5,30,7,active,1990.3624353899884,30
25,4,Produit 4,Laptops,4,1699.0,1274.25,0.25,30,2,5,30,7,active,1689.8076228172297,31
26,5,Produit 5,WearablesAudio,5,190.0,142.5,0.25,32,3,6,30,7,active,189.11228870779976,32
27,6,Produit 6,WearablesAudio,6,98.0,73.5,0.25,15,2,5,30,7,active,97.3771641443539,33
28,7,Produit 7,Laptops,7,1100.0,825.0,0.25,11,2,5,30,7,active,1094.6559813736903,34
29,8,Produit 8,WearablesAudio,8,55.0,41.25,0.25,91,4,8,34,7,active,54.66179511059372,35
30,9,Produit 9,Laptops,9,1900.0,1425.0,0.25,18,2,5,30,7,active,1889.212151338766,36
