alert_id,alert_type,priority,product_id,message,created_at,assigned_to_user_id,is_read,read_at,resolved_at
1,PRICE_TOO_HIGH,LOW,21,PRICE_TOO_HIGH détectée pour produit 21.,2025-12-01T09:19:00,26,True,2025-12-02T03:19:00,
2,SALES_ANOMALY,MEDIUM,63,SALES_ANOMALY détectée pour produit 63.,2026-02-07T09:46:00,5,True,2026-02-08T09:46:00,
3,STOCK_UNTREATED,HIGH,88,STOCK_UNTREATED détectée pour produit 88.,2025-11-13T22:20:00,30,True,2025-11-15T21:20:00,
4,STOCK_UNTREATED,HIGH,37,STOCK_UNTREATED détectée pour produit 37.,2025-12-19T03:06:00,30,False,,
5,STOCK_UNTREATED,HIGH,27,STOCK_UNTREATED détectée pour produit 27.,2026-01-26T02:53:00,30,True,2026-01-27T12:53:00,
6,PROMO_OVERLAP,MEDIUM,148,PROMO_OVERLAP détectée pour produit 148.,2025-11-29T03:36:00,26,False,,
7,SALES_ANOMALY,LOW,172,SALES_ANOMALY détectée pour produit 172.,2025-11-28T21:15:00,10,False,,
8,STOCK_LOW,MEDIUM,15,STOCK_LOW détectée pour produit 15.,2025-11-05T08:56:00,11,True,2025-11-07T09:56:00,
9,STOCK_UNTREATED,CRITICAL,92,STOCK_UNTREATED détectée pour produit 92.,2025-12-17T05:01:00,30,False,,
10,PRICE_TOO_LOW,MEDIUM,133,PRICE_TOO_LOW détectée pour produit 133.,2025-11-28T20:06:00,27,False,,
11,STOCK_UNTREATED,HIGH,149,STOCK_UNTREATED détectée pour produit 149.,2026-02-10T05:14:00,30,False,,
12,PRICE_TOO_HIGH,MEDIUM,43,PRICE_TOO_HIGH détectée pour produit 43.,2026-01-07T14:27:00,27,True,2026-01-10T02:27:00,
13,STOCK_LOW,MEDIUM,61,STOCK_LOW détectée pour produit 61.,2026-02-16T15:54:00,19,False,,
14,PRICE_TOO_HIGH,MEDIUM,125,PRICE_TOO_HIGH détectée pour produit 125.,2025-12-20T16:01:00,2,False,,
15,SALES_ANOMALY,LOW,80,SALES_ANOMALY détectée pour produit 80.,2026-01-13T18:44:00,24,True,2026-01-14T13:44:00,
16,STOCK_LOW,LOW,77,STOCK_LOW détectée pour produit 77.,2026-01-28T11:28:00,5,False,,
17,STOCK_LOW,LOW,139,STOCK_LOW détectée pour produit 139.,2025-12-29T05:30:00,11,False,,
18,STOCK_OVER,HIGH,140,STOCK_OVER détectée pour produit 140.,2026-01-15T17:49:00,11,True,2026-01-16T02:49:00,
19,PRICE_TOO_LOW,LOW,74,PRICE_TOO_LOW détectée pour produit 74.,2025-11-13T02:35:00,2,True,2025-11-15T23:35:00,
20,PRICE_TOO_HIGH,HIGH,37,PRICE_TOO_HIGH détectée pour produit 37.,2026-02-01T20:20:00,27,True,2026-02-02T11:20:00,
21,STOCK_OVER,LOW,14,STOCK_OVER détectée pour produit 14.,2026-02-07T18:38:00,18,True,2026-02-09T09:38:00,
22,COLLECTION_FAILED,MEDIUM,23,COLLECTION_FAILED détectée pour produit 23.,2026-01-29T00:50:00,21,True,2026-01-30T07:50:00,
23,PRICE_TOO_LOW,MEDIUM,45,PRICE_TOO_LOW détectée pour produit 45.,2025-11-01T06:11:00,26,False,,
24,PRICE_TOO_LOW,HIGH,125,PRICE_TOO_LOW détectée pour produit 125.,2025-11-08T21:19:00,27,False,,
25,PRICE_TOO_HIGH,LOW,29,PRICE_TOO_HIGH détectée pour produit 29.,2026-01-09T03:45:00,27,True,2026-01-10T20:45:00,
26,STOCK_UNTREATED,MEDIUM,27,STOCK_UNTREATED détectée pour produit 27.,2026-02-16T19:18:00,30,True,2026-02-19T15:18:00,
27,STOCK_UNTREATED,LOW,124,STOCK_UNTREATED détectée pour produit 124.,2026-01-21T23:35:00,30,False,,
28,PROMO_OVERLAP,LOW,63,PROMO_OVERLAP détectée pour produit 63.,2025-11-22T01:04:00,26,True,2025-11-23T20:04:00,
29,STOCK_OVER,HIGH,195,STOCK_OVER détectée pour produit 195.,2026-01-18T12:32:00,11,True,2026-01-19T00:32:00,
30,STOCK_LOW,MEDIUM,70,STOCK_LOW détectée pour produit 70.,2025-11-08T18:49:00,19,False,,
31,PROMO_BELOW_MIN,HIGH,126,PROMO_BELOW_MIN détectée pour produit 126.,2025-11-13T16:58:00,12,False,,
32,PRICE_TOO_HIGH,HIGH,117,PRICE_TOO_HIGH détectée pour produit 117.,2026-02-24T12:48:00,2,False,,
33,COLLECTION_FAILED,HIGH,40,COLLECTION_FAILED détectée pour produit 40.,2026-01-03T16:42:00,17,True,2026-01-06T11:42:00,
34,PRICE_TOO_HIGH,MEDIUM,166,PRICE_TOO_HIGH détectée pour produit 166.,2026-01-15T20:23:00,12,True,2026-01-16T01:23:00,
35,PRICE_TOO_LOW,MEDIUM,199,PRICE_TOO_LOW détectée pour produit 199.,2025-11-12T16:53:00,12,True,2025-11-13T08:53:00,
36,STOCK_LOW,MEDIUM,91,STOCK_LOW détectée pour produit 91.,2026-01-27T05:07:00,5,False,,
37,PROMO_BELOW_MIN,MEDIUM,42,PROMO_BELOW_MIN détectée pour produit 42.,2026-01-31T09:11:00,26,True,2026-02-01T11:11:00,
38,STOCK_OVER,LOW,160,STOCK_OVER détectée pour produit 160.,2025-12-01T03:10:00,24,False,,
39,PROMO_BELOW_MIN,CRITICAL,166,PROMO_BELOW_MIN détectée pour produit 166.,2025-11-09T19:46:00,2,True,2025-11-10T02:46:00,
40,STOCK_LOW,MEDIUM,57,STOCK_LOW détectée pour produit 57.,2026-01-11T14:28:00,19,False,,
41,PRICE_TOO_HIGH,LOW,61,PRICE_TOO_HIGH détectée pour produit 61.,2026-02-11T04:35:00,27,True,2026-02-12T21:35:00,
42,SALES_ANOMALY,MEDIUM,174,SALES_ANOMALY détectée pour produit 174.,2026-02-21T23:41:00,24,True,2026-02-24T05:41:00,
43,SALES_ANOMALY,CRITICAL,150,SALES_ANOMALY détectée pour produit 150.,2026-02-15T15:53:00,24,False,,
44,STOCK_OVER,MEDIUM,124,STOCK_OVER détectée pour produit 124.,2026-02-23T14:45:00,19,False,,
45,SALES_ANOMALY,HIGH,10,SALES_ANOMALY détectée pour produit 10.,2025-11-04T17:52:00,5,True,2025-11-05T20:52:00,
46,PROMO_OVERLAP,CRITICAL,131,PROMO_OVERLAP détectée pour produit 131.,2025-11-11T08:26:00,12,False,,
47,COLLECTION_FAILED,LOW,93,COLLECTION_FAILED détectée pour produit 93.,2026-01-08T13:16:00,21,True,2026-01-09T17:16:00,
48,SALES_ANOMALY,HIGH,176,SALES_ANOMALY détectée pour produit 176.,2026-02-17T18:02:00,19,False,,
49,PRICE_TOO_LOW,CRITICAL,47,PRICE_TOO_LOW détectée pour produit 47.,2025-12-09T08:19:00,27,True,2025-12-09T18:19:00,
50,PRICE_TOO_HIGH,MEDIUM,163,PRICE_TOO_HIGH détectée pour produit 163.,2026-01-21T03:22:00,26,False,,
51,PROMO_BELOW_MIN,HIGH,146,PROMO_BELOW_MIN détectée pour produit 146.,2025-11-23T18:45:00,27,False,,
52,PRICE_TOO_HIGH,LOW,7,PRICE_TOO_HIGH détectée pour produit 7.,2026-02-15T08:21:00,12,False,,
53,PRICE_TOO_HIGH,MEDIUM,127,PRICE_TOO_HIGH détectée pour produit 127.,2025-12-20T02:00:00,2,True,2025-12-20T21:00:00,
54,STOCK_OVER,HIGH,153,STOCK_OVER détectée pour produit 153.,2025-11-20T00:47:00,10,True,2025-11-22T02:47:00,
55,STOCK_UNTREATED,HIGH,143,STOCK_UNTREATED détectée pour produit 143.,2026-01-30T13:55:00,30,False,,
56,SALES_ANOMALY,MEDIUM,174,SALES_ANOMALY détectée pour produit 174.,2026-02-06T12:34:00,10,False,,
57,COLLECTION_FAILED,CRITICAL,48,COLLECTION_FAILED détectée pour produit 48.,2026-02-11T01:07:00,21,True,2026-02-11T09:07:00,
58,COLLECTION_FAILED,CRITICAL,119,COLLECTION_FAILED détectée pour produit 119.,2025-12-14T17:23:00,21,True,2025-12-16T20:23:00,
59,STOCK_UNTREATED,MEDIUM,178,STOCK_UNTREATED détectée pour produit 178.,2025-12-07T06:18:00,30,True,2025-12-09T20:18:00,
60,COLLECTION_FAILED,LOW,101,COLLECTION_FAILED détectée pour produit 101.,2026-02-04T13:24:00,14,True,2026-02-05T13:24:00,
61,PRICE_TOO_HIGH,LOW,99,PRICE_TOO_HIGH détectée pour produit 99.,2025-10-31T21:05:00,2,False,,
62,PROMO_BELOW_MIN,MEDIUM,167,PROMO_BELOW_MIN détectée pour produit 167.,2025-12-23T10:16:00,27,False,,
63,SALES_ANOMALY,HIGH,174,SALES_ANOMALY détectée pour produit 174.,2025-12-19T17:35:00,10,True,2025-12-20T04:35:00,
64,SALES_ANOMALY,LOW,153,SALES_ANOMALY détectée pour produit 153.,2025-11-29T02:45:00,19,True,2025-11-30T17:45:00,
65,SALES_ANOMALY,MEDIUM,98,SALES_ANOMALY détectée pour produit 98.,2026-01-08T23:04:00,10,False,,
66,STOCK_LOW,MEDIUM,35,STOCK_LOW détectée pour produit 35.,2025-11-08T06:50:00,5,True,2025-11-10T03:50:00,
67,PRICE_TOO_LOW,MEDIUM,177,PRICE_TOO_LOW détectée pour produit 177.,2026-02-20T10:29:00,12,True,2026-02-21T02:29:00,
68,STOCK_LOW,LOW,184,STOCK_LOW détectée pour produit 184.,2025-11-18T07:34:00,10,True,2025-11-19T23:34:00,
69,PRICE_TOO_HIGH,MEDIUM,189,PRICE_TOO_HIGH détectée pour produit 189.,2026-01-06T13:44:00,27,False,,
70,STOCK_UNTREATED,MEDIUM,177,STOCK_UNTREATED détectée pour produit 177.,2026-01-07T13:50:00,30,True,2026-01-10T09:50:00,
71,STOCK_UNTREATED,LOW,171,STOCK_UNTREATED détectée pour produit 171.,2026-02-17T14:55:00,30,True,2026-02-19T20:55:00,
72,PROMO_BELOW_MIN,MEDIUM,75,PROMO_BELOW_MIN détectée pour produit 75.,2026-01-22T00:37:00,12,True,2026-01-25T00:37:00,
73,PROMO_OVERLAP,LOW,6,PROMO_OVERLAP détectée pour produit 6.,2025-11-11T12:59:00,26,True,2025-11-13T10:59:00,
74,STOCK_UNTREATED,LOW,71,STOCK_UNTREATED détectée pour produit 71.,2026-02-07T07:39:00,30,True,2026-02-10T02:39:00,
75,PRICE_TOO_HIGH,HIGH,50,PRICE_TOO_HIGH détectée pour produit 50.,2025-12-02T19:51:00,26,False,,
76,COLLECTION_FAILED,LOW,54,COLLECTION_FAILED détectée pour produit 54.,2025-12-20T11:34:00,14,True,2025-12-20T16:34:00,
77,PRICE_TOO_LOW,CRITICAL,120,PRICE_TOO_LOW détectée pour produit 120.,2025-12-09T14:17:00,26,True,2025-12-10T02:17:00,
78,PRICE_TOO_LOW,MEDIUM,93,PRICE_TOO_LOW détectée pour produit 93.,2025-11-03T08:21:00,2,False,,
79,STOCK_OVER,HIGH,83,STOCK_OVER détectée pour produit 83.,2025-11-05T08:49:00,18,False,,
80,STOCK_LOW,HIGH,195,STOCK_LOW détectée pour produit 195.,2025-12-11T15:01:00,24,True,2025-12-13T19:01:00,
81,COLLECTION_FAILED,MEDIUM,170,COLLECTION_FAILED détectée pour produit 170.,2025-11-19T08:17:00,14,True,2025-11-21T02:17:00,
82,PRICE_TOO_LOW,LOW,49,PRICE_TOO_LOW détectée pour produit 49.,2025-11-09T07:58:00,12,True,2025-11-10T03:58:00,
83,PROMO_OVERLAP,MEDIUM,97,PROMO_OVERLAP détectée pour produit 97.,2026-01-14T03:06:00,27,True,2026-01-17T00:06:00,
84,PROMO_OVERLAP,MEDIUM,32,PROMO_OVERLAP détectée pour produit 32.,2025-10-31T13:00:00,26,True,2025-10-31T20:00:00,
85,STOCK_LOW,HIGH,43,STOCK_LOW détectée pour produit 43.,2025-11-15T04:21:00,18,True,2025-11-18T02:21:00,
86,PROMO_BELOW_MIN,HIGH,36,PROMO_BELOW_MIN détectée pour produit 36.,2025-11-02T06:57:00,27,True,2025-11-05T04:57:00,
87,PROMO_OVERLAP,CRITICAL,111,PROMO_OVERLAP détectée pour produit 111.,2026-01-01T14:51:00,26,False,,
88,PRICE_TOO_LOW,LOW,135,PRICE_TOO_LOW détectée pour produit 135.,2026-01-02T05:54:00,12,True,2026-01-02T17:54:00,
89,STOCK_UNTREATED,MEDIUM,161,STOCK_UNTREATED détectée pour produit 161.,2026-01-27T08:55:00,30,False,,
90,SALES_ANOMALY,HIGH,12,SALES_ANOMALY détectée pour produit 12.,2026-02-24T19:29:00,18,False,,
91,SALES_ANOMALY,MEDIUM,118,SALES_ANOMALY détectée pour produit 118.,2025-12-07T05:01:00,19,False,,
92,PRICE_TOO_HIGH,MEDIUM,196,PRICE_TOO_HIGH détectée pour produit 196.,2025-12-14T14:03:00,26,True,2025-12-15T10:03:00,
93,PRICE_TOO_HIGH,HIGH,87,PRICE_TOO_HIGH détectée pour produit 87.,2025-12-12T07:44:00,2,False,,
94,STOCK_UNTREATED,HIGH,36,STOCK_UNTREATED détectée pour produit 36.,2026-02-09T07:24:00,30,False,,
95,PRICE_TOO_HIGH,HIGH,9,PRICE_TOO_HIGH détectée pour produit 9.,2025-11-02T18:30:00,26,True,2025-11-02T23:30:00,
96,PROMO_BELOW_MIN,HIGH,101,PROMO_BELOW_MIN détectée pour produit 101.,2025-12-31T07:45:00,2,True,2026-01-01T09:45:00,
97,PROMO_BELOW_MIN,HIGH,156,PROMO_BELOW_MIN détectée pour produit 156.,2026-01-08T01:25:00,27,False,,
98,SALES_ANOMALY,MEDIUM,45,SALES_ANOMALY détectée pour produit 45.,2026-02-08T17:31:00,10,True,2026-02-09T01:31:00,
99,PRICE_TOO_LOW,HIGH,120,PRICE_TOO_LOW détectée pour produit 120.,2025-11-01T12:59:00,27,True,2025-11-03T19:59:00,
100,STOCK_LOW,CRITICAL,110,STOCK_LOW détectée pour produit 110.,2026-02-21T08:04:00,19,True,2026-02-23T19:04:00,
101,STOCK_OVER,MEDIUM,142,STOCK_OVER détectée pour produit 142.,2025-11-05T21:50:00,11,False,,
102,PROMO_OVERLAP,MEDIUM,150,PROMO_OVERLAP détectée pour produit 150.,2026-02-22T20:10:00,12,False,,
103,STOCK_LOW,LOW,108,STOCK_LOW détectée pour produit 108.,2025-11-10T13:57:00,19,False,,
104,SALES_ANOMALY,HIGH,17,SALES_ANOMALY détectée pour produit 17.,2026-01-11T11:26:00,10,True,2026-01-13T21:26:00,
105,SALES_ANOMALY,MEDIUM,26,SALES_ANOMALY détectée pour produit 26.,2025-11-15T02:53:00,5,True,2025-11-17T00:53:00,
106,PROMO_BELOW_MIN,CRITICAL,181,PROMO_BELOW_MIN détectée pour produit 181.,2025-12-11T19:07:00,26,True,2025-12-12T08:07:00,
107,COLLECTION_FAILED,MEDIUM,109,COLLECTION_FAILED détectée pour produit 109.,2026-02-07T23:51:00,21,True,2026-02-08T11:51:00,
108,PRICE_TOO_HIGH,LOW,90,PRICE_TOO_HIGH détectée pour produit 90.,2025-12-27T21:08:00,12,False,,
109,STOCK_OVER,LOW,77,STOCK_OVER détectée pour produit 77.,2025-11-11T08:53:00,11,True,2025-11-12T14:53:00,
110,STOCK_UNTREATED,MEDIUM,87,STOCK_UNTREATED détectée pour produit 87.,2025-12-15T13:29:00,30,False,,
111,SALES_ANOMALY,CRITICAL,50,SALES_ANOMALY détectée pour produit 50.,2025-11-17T09:36:00,24,True,2025-11-17T17:36:00,
112,COLLECTION_FAILED,LOW,139,COLLECTION_FAILED détectée pour produit 139.,2026-01-10T03:38:00,21,False,,
113,PRICE_TOO_HIGH,LOW,127,PRICE_TOO_HIGH détectée pour produit 127.,2026-01-07T12:42:00,27,True,2026-01-10T09:42:00,
114,PRICE_TOO_LOW,CRITICAL,36,PRICE_TOO_LOW détectée pour produit 36.,2026-01-28T20:33:00,27,True,2026-01-29T02:33:00,
115,COLLECTION_FAILED,MEDIUM,46,COLLECTION_FAILED détectée pour produit 46.,2026-01-03T23:55:00,17,True,2026-01-05T10:55:00,
116,PRICE_TOO_HIGH,HIGH,51,PRICE_TOO_HIGH détectée pour produit 51.,2026-01-05T05:19:00,27,False,,
117,COLLECTION_FAILED,LOW,16,COLLECTION_FAILED détectée pour produit 16.,2026-01-11T14:12:00,21,False,,
118,PRICE_TOO_LOW,LOW,22,PRICE_TOO_LOW détectée pour produit 22.,2026-01-16T16:58:00,27,True,2026-01-19T06:58:00,
119,STOCK_UNTREATED,HIGH,119,STOCK_UNTREATED détectée pour produit 119.,2026-02-05T12:47:00,30,False,,
120,PROMO_OVERLAP,MEDIUM,112,PROMO_OVERLAP détectée pour produit 112.,2025-11-10T04:33:00,12,False,,
121,STOCK_LOW,HIGH,199,STOCK_LOW détectée pour produit 199.,2025-12-26T16:23:00,24,True,2025-12-28T01:23:00,
122,SALES_ANOMALY,MEDIUM,171,SALES_ANOMALY détectée pour produit 171.,2026-01-28T03:27:00,5,False,,
123,PROMO_OVERLAP,HIGH,94,PROMO_OVERLAP détectée pour produit 94.,2025-11-30T13:49:00,2,False,,
124,PRICE_TOO_LOW,LOW,15,PRICE_TOO_LOW détectée pour produit 15.,2025-11-14T16:20:00,12,True,2025-11-16T05:20:00,
125,PROMO_OVERLAP,CRITICAL,82,PROMO_OVERLAP détectée pour produit 82.,2026-01-01T10:28:00,12,True,2026-01-01T22:28:00,
126,PROMO_BELOW_MIN,LOW,101,PROMO_BELOW_MIN détectée pour produit 101.,2026-01-07T22:29:00,27,True,2026-01-10T09:29:00,
127,PROMO_OVERLAP,CRITICAL,50,PROMO_OVERLAP détectée pour produit 50.,2025-11-17T09:28:00,27,False,,
128,STOCK_OVER,MEDIUM,140,STOCK_OVER détectée pour produit 140.,2025-11-28T11:32:00,24,True,2025-11-29T01:32:00,
129,STOCK_UNTREATED,LOW,185,STOCK_UNTREATED détectée pour produit 185.,2026-02-02T19:00:00,30,False,,
130,PROMO_BELOW_MIN,CRITICAL,184,PROMO_BELOW_MIN détectée pour produit 184.,2026-01-05T08:07:00,12,True,2026-01-07T12:07:00,
131,SALES_ANOMALY,HIGH,128,SALES_ANOMALY détectée pour produit 128.,2026-02-08T16:50:00,19,False,,
132,COLLECTION_FAILED,MEDIUM,2,COLLECTION_FAILED détectée pour produit 2.,2025-12-29T13:17:00,21,False,,
133,PRICE_TOO_LOW,HIGH,196,PRICE_TOO_LOW détectée pour produit 196.,2026-02-17T05:38:00,27,True,2026-02-18T15:38:00,
134,COLLECTION_FAILED,LOW,114,COLLECTION_FAILED détectée pour produit 114.,2026-01-08T01:22:00,21,True,2026-01-10T07:22:00,
135,PROMO_OVERLAP,LOW,156,PROMO_OVERLAP détectée pour produit 156.,2026-02-04T21:59:00,2,False,,
136,STOCK_LOW,MEDIUM,37,STOCK_LOW détectée pour produit 37.,2026-01-20T12:58:00,18,True,2026-01-20T19:58:00,
137,STOCK_OVER,MEDIUM,134,STOCK_OVER détectée pour produit 134.,2025-12-15T16:33:00,10,True,2025-12-18T02:33:00,
138,STOCK_UNTREATED,MEDIUM,164,STOCK_UNTREATED détectée pour produit 164.,2026-02-20T22:13:00,30,True,2026-02-22T19:13:00,
139,STOCK_UNTREATED,MEDIUM,55,STOCK_UNTREATED détectée pour produit 55.,2025-11-21T14:46:00,30,False,,
140,STOCK_LOW,HIGH,169,STOCK_LOW détectée pour produit 169.,2026-01-24T11:59:00,11,False,,
141,PROMO_BELOW_MIN,LOW,31,PROMO_BELOW_MIN détectée pour produit 31.,2026-01-07T11:00:00,27,True,2026-01-08T17:00:00,
142,SALES_ANOMALY,CRITICAL,13,SALES_ANOMALY détectée pour produit 13.,2025-12-13T07:04:00,18,False,,
143,STOCK_LOW,HIGH,189,STOCK_LOW détectée pour produit 189.,2026-02-15T10:37:00,24,False,,
144,SALES_ANOMALY,MEDIUM,94,SALES_ANOMALY détectée pour produit 94.,2026-01-07T08:05:00,11,True,2026-01-07T17:05:00,
145,STOCK_UNTREATED,LOW,115,STOCK_UNTREATED détectée pour produit 115.,2026-02-15T14:38:00,30,False,,
146,STOCK_LOW,CRITICAL,192,STOCK_LOW détectée pour produit 192.,2025-12-03T05:53:00,5,False,,
147,STOCK_LOW,LOW,55,STOCK_LOW détectée pour produit 55.,2025-12-15T23:42:00,11,False,,
148,PROMO_BELOW_MIN,MEDIUM,67,PROMO_BELOW_MIN détectée pour produit 67.,2026-02-13T06:53:00,12,True,2026-02-16T05:53:00,
149,STOCK_LOW,LOW,197,STOCK_LOW détectée pour produit 197.,2026-01-30T01:30:00,18,True,2026-02-01T08:30:00,
150,STOCK_UNTREATED,LOW,177,STOCK_UNTREATED détectée pour produit 177.,2025-12-23T02:19:00,30,False,,
151,COLLECTION_FAILED,LOW,125,COLLECTION_FAILED détectée pour produit 125.,2025-12-11T19:59:00,14,True,2025-12-13T22:59:00,
152,PROMO_BELOW_MIN,LOW,150,PROMO_BELOW_MIN détectée pour produit 150.,2026-01-05T04:01:00,2,False,,
153,PROMO_OVERLAP,HIGH,97,PROMO_OVERLAP détectée pour produit 97.,2026-01-23T16:17:00,26,True,2026-01-24T12:17:00,
154,STOCK_OVER,MEDIUM,64,STOCK_OVER détectée pour produit 64.,2025-12-13T10:46:00,24,False,,
155,PROMO_OVERLAP,MEDIUM,197,PROMO_OVERLAP détectée pour produit 197.,2025-12-19T07:06:00,27,True,2025-12-20T00:06:00,
156,PROMO_BELOW_MIN,CRITICAL,123,PROMO_BELOW_MIN détectée pour produit 123.,2026-01-07T07:48:00,12,False,,
157,COLLECTION_FAILED,MEDIUM,68,COLLECTION_FAILED détectée pour produit 68.,2025-11-13T07:08:00,21,True,2025-11-14T01:08:00,
158,STOCK_UNTREATED,MEDIUM,81,STOCK_UNTREATED détectée pour produit 81.,2025-11-17T13:41:00,30,True,2025-11-18T09:41:00,
159,PRICE_TOO_LOW,CRITICAL,177,PRICE_TOO_LOW détectée pour produit 177.,2025-11-12T07:01:00,12,True,2025-11-15T07:01:00,
160,PROMO_BELOW_MIN,MEDIUM,128,PROMO_BELOW_MIN détectée pour produit 128.,2026-01-06T13:20:00,12,True,2026-01-09T12:20:00,
161,PROMO_OVERLAP,MEDIUM,59,PROMO_OVERLAP détectée pour produit 59.,2026-01-24T20:38:00,12,False,,
162,PRICE_TOO_LOW,MEDIUM,100,PRICE_TOO_LOW détectée pour produit 100.,2026-01-06T22:39:00,12,True,2026-01-09T16:39:00,
163,PRICE_TOO_LOW,MEDIUM,41,PRICE_TOO_LOW détectée pour produit 41.,2025-11-01T05:54:00,2,False,,
164,PROMO_BELOW_MIN,MEDIUM,191,PROMO_BELOW_MIN détectée pour produit 191.,2026-02-14T10:52:00,26,True,2026-02-15T21:52:00,
165,PROMO_BELOW_MIN,CRITICAL,38,PROMO_BELOW_MIN détectée pour produit 38.,2025-12-15T22:37:00,26,False,,
166,PRICE_TOO_LOW,CRITICAL,167,PRICE_TOO_LOW détectée pour produit 167.,2025-11-25T15:51:00,26,False,,
167,COLLECTION_FAILED,LOW,118,COLLECTION_FAILED détectée pour produit 118.,2026-02-06T11:23:00,21,True,2026-02-07T10:23:00,
168,PRICE_TOO_LOW,LOW,50,PRICE_TOO_LOW détectée pour produit 50.,2025-11-16T07:00:00,12,True,2025-11-16T10:00:00,
169,PRICE_TOO_LOW,MEDIUM,80,PRICE_TOO_LOW détectée pour produit 80.,2026-02-05T12:27:00,12,False,,
170,PROMO_OVERLAP,LOW,170,PROMO_OVERLAP détectée pour produit 170.,2025-12-18T00:35:00,26,True,2025-12-18T08:35:00,
171,SALES_ANOMALY,MEDIUM,187,SALES_ANOMALY détectée pour produit 187.,2026-01-31T03:38:00,24,False,,
172,PRICE_TOO_LOW,CRITICAL,103,PRICE_TOO_LOW détectée pour produit 103.,2026-01-27T07:25:00,26,True,2026-01-27T19:25:00,
173,PRICE_TOO_LOW,CRITICAL,190,PRICE_TOO_LOW détectée pour produit 190.,2025-12-11T01:45:00,27,False,,
174,STOCK_UNTREATED,MEDIUM,190,STOCK_UNTREATED détectée pour produit 190.,2025-11-15T18:21:00,30,True,2025-11-16T20:21:00,
175,SALES_ANOMALY,HIGH,103,SALES_ANOMALY détectée pour produit 103.,2025-12-18T21:03:00,11,True,2025-12-19T14:03:00,
176,PRICE_TOO_HIGH,MEDIUM,1,PRICE_TOO_HIGH détectée pour produit 1.,2026-01-25T18:09:00,12,False,,
177,PRICE_TOO_HIGH,CRITICAL,156,PRICE_TOO_HIGH détectée pour produit 156.,2025-12-30T10:27:00,26,False,,
178,STOCK_LOW,MEDIUM,11,STOCK_LOW détectée pour produit 11.,2025-11-06T23:36:00,10,True,2025-11-07T23:36:00,
179,PROMO_OVERLAP,MEDIUM,157,PROMO_OVERLAP détectée pour produit 157.,2025-10-29T11:23:00,2,False,,
180,PRICE_TOO_LOW,MEDIUM,197,PRICE_TOO_LOW détectée pour produit 197.,2025-11-10T00:41:00,27,True,2025-11-11T00:41:00,
181,PRICE_TOO_LOW,LOW,136,PRICE_TOO_LOW détectée pour produit 136.,2026-02-04T03:04:00,27,True,2026-02-06T04:04:00,
182,STOCK_LOW,LOW,186,STOCK_LOW détectée pour produit 186.,2025-11-09T13:46:00,10,True,2025-11-11T04:46:00,
183,PRICE_TOO_HIGH,MEDIUM,173,PRICE_TOO_HIGH détectée pour produit 173.,2026-01-25T23:03:00,27,False,,
184,PRICE_TOO_LOW,CRITICAL,92,PRICE_TOO_LOW détectée pour produit 92.,2026-02-15T12:50:00,27,True,2026-02-18T07:50:00,
185,SALES_ANOMALY,HIGH,81,SALES_ANOMALY détectée pour produit 81.,2025-11-07T19:38:00,10,False,,
186,STOCK_LOW,MEDIUM,105,STOCK_LOW détectée pour produit 105.,2025-12-27T17:26:00,18,True,2025-12-30T06:26:00,
187,STOCK_LOW,LOW,139,STOCK_LOW détectée pour produit 139.,2025-12-05T16:22:00,10,False,,
188,STOCK_LOW,LOW,136,STOCK_LOW détectée pour produit 136.,2026-01-21T00:43:00,19,True,2026-01-21T07:43:00,
189,STOCK_LOW,LOW,52,STOCK_LOW détectée pour produit 52.,2025-12-08T14:21:00,11,True,2025-12-08T22:21:00,
190,PROMO_OVERLAP,MEDIUM,192,PROMO_OVERLAP détectée pour produit 192.,2026-01-06T21:06:00,27,False,,
191,PRICE_TOO_LOW,MEDIUM,33,PRICE_TOO_LOW détectée pour produit 33.,2026-01-30T03:20:00,2,True,2026-02-01T08:20:00,
192,STOCK_UNTREATED,MEDIUM,124,STOCK_UNTREATED détectée pour produit 124.,2025-12-14T06:45:00,30,True,2025-12-14T17:45:00,
193,STOCK_OVER,LOW,34,STOCK_OVER détectée pour produit 34.,2026-01-08T03:27:00,24,True,2026-01-09T19:27:00,
194,STOCK_UNTREATED,MEDIUM,148,STOCK_UNTREATED détectée pour produit 148.,2025-11-29T00:48:00,30,True,2025-11-30T18:48:00,
195,PRICE_TOO_HIGH,MEDIUM,117,PRICE_TOO_HIGH détectée pour produit 117.,2025-12-05T14:42:00,27,False,,
196,PRICE_TOO_HIGH,LOW,95,PRICE_TOO_HIGH détectée pour produit 95.,2025-12-20T16:37:00,12,True,2025-12-23T00:37:00,
197,PROMO_BELOW_MIN,HIGH,119,PROMO_BELOW_MIN détectée pour produit 119.,2025-12-18T06:07:00,27,False,,
198,SALES_ANOMALY,LOW,181,SALES_ANOMALY détectée pour produit 181.,2026-01-04T20:53:00,11,True,2026-01-06T10:53:00,
199,PROMO_OVERLAP,HIGH,30,PROMO_OVERLAP détectée pour produit 30.,2025-11-06T22:41:00,27,True,2025-11-07T01:41:00,
200,COLLECTION_FAILED,MEDIUM,110,COLLECTION_FAILED détectée pour produit 110.,2026-01-29T09:06:00,21,False,,
201,PROMO_OVERLAP,MEDIUM,66,PROMO_OVERLAP détectée pour produit 66.,2025-10-29T01:05:00,27,True,2025-10-30T07:05:00,
202,STOCK_LOW,LOW,117,STOCK_LOW détectée pour produit 117.,2025-11-01T04:46:00,24,False,,
203,PROMO_BELOW_MIN,LOW,26,PROMO_BELOW_MIN détectée pour produit 26.,2026-02-19T13:15:00,26,True,2026-02-20T01:15:00,
204,COLLECTION_FAILED,MEDIUM,182,COLLECTION_FAILED détectée pour produit 182.,2025-12-21T00:40:00,17,True,2025-12-23T22:40:00,
205,PRICE_TOO_LOW,MEDIUM,168,PRICE_TOO_LOW détectée pour produit 168.,2026-01-21T09:04:00,12,False,,
206,PRICE_TOO_HIGH,MEDIUM,24,PRICE_TOO_HIGH détectée pour produit 24.,2025-12-21T08:39:00,2,False,,
207,STOCK_UNTREATED,HIGH,193,STOCK_UNTREATED détectée pour produit 193.,2026-01-17T09:00:00,30,True,2026-01-19T06:00:00,
208,STOCK_OVER,HIGH,40,STOCK_OVER détectée pour produit 40.,2025-12-30T08:11:00,5,False,,
209,STOCK_OVER,HIGH,157,STOCK_OVER détectée pour produit 157.,2025-11-22T08:33:00,24,False,,
210,STOCK_OVER,CRITICAL,30,STOCK_OVER détectée pour produit 30.,2026-01-11T02:37:00,10,True,2026-01-11T15:37:00,
211,STOCK_OVER,MEDIUM,44,STOCK_OVER détectée pour produit 44.,2026-02-01T00:16:00,24,False,,
212,PROMO_BELOW_MIN,MEDIUM,64,PROMO_BELOW_MIN détectée pour produit 64.,2025-12-28T03:29:00,26,False,,
213,COLLECTION_FAILED,MEDIUM,121,COLLECTION_FAILED détectée pour produit 121.,2025-11-05T14:02:00,14,False,,
214,STOCK_LOW,LOW,156,STOCK_LOW détectée pour produit 156.,2026-01-04T00:59:00,10,True,2026-01-06T03:59:00,
215,PROMO_BELOW_MIN,HIGH,59,PROMO_BELOW_MIN détectée pour produit 59.,2026-02-17T03:07:00,27,False,,
216,PROMO_OVERLAP,LOW,176,PROMO_OVERLAP détectée pour produit 176.,2026-02-10T19:05:00,26,True,2026-02-11T11:05:00,
217,PROMO_BELOW_MIN,LOW,98,PROMO_BELOW_MIN détectée pour produit 98.,2026-01-04T22:12:00,26,True,2026-01-06T11:12:00,
218,PROMO_OVERLAP,HIGH,85,PROMO_OVERLAP détectée pour produit 85.,2025-12-26T12:35:00,12,True,2025-12-29T08:35:00,
219,PROMO_BELOW_MIN,HIGH,47,PROMO_BELOW_MIN détectée pour produit 47.,2025-12-06T19:32:00,12,True,2025-12-09T15:32:00,
220,SALES_ANOMALY,LOW,65,SALES_ANOMALY détectée pour produit 65.,2025-12-07T16:48:00,10,False,,
221,STOCK_LOW,LOW,198,STOCK_LOW détectée pour produit 198.,2025-12-23T05:57:00,5,False,,
222,PROMO_BELOW_MIN,HIGH,8,PROMO_BELOW_MIN détectée pour produit 8.,2025-12-15T17:25:00,27,False,,
223,PRICE_TOO_HIGH,MEDIUM,167,PRICE_TOO_HIGH détectée pour produit 167.,2026-02-16T03:18:00,12,True,2026-02-16T20:18:00,
224,SALES_ANOMALY,MEDIUM,16,SALES_ANOMALY détectée pour produit 16.,2025-12-03T11:13:00,19,False,,
225,STOCK_LOW,LOW,169,STOCK_LOW détectée pour produit 169.,2026-01-29T15:54:00,24,False,,
226,PRICE_TOO_LOW,LOW,185,PRICE_TOO_LOW détectée pour produit 185.,2025-11-07T12:38:00,26,False,,
227,PROMO_BELOW_MIN,MEDIUM,53,PROMO_BELOW_MIN détectée pour produit 53.,2026-02-19T02:09:00,12,False,,
228,STOCK_LOW,LOW,14,STOCK_LOW détectée pour produit 14.,2026-02-23T18:52:00,18,True,2026-02-26T08:52:00,
229,PRICE_TOO_LOW,MEDIUM,169,PRICE_TOO_LOW détectée pour produit 169.,2025-12-04T10:40:00,26,False,,
230,STOCK_UNTREATED,LOW,188,STOCK_UNTREATED détectée pour produit 188.,2025-11-09T11:12:00,30,False,,
231,PRICE_TOO_LOW,MEDIUM,50,PRICE_TOO_LOW détectée pour produit 50.,2026-01-06T04:22:00,26,True,2026-01-08T23:22:00,
232,STOCK_OVER,HIGH,12,STOCK_OVER détectée pour produit 12.,2025-10-31T03:49:00,24,True,2025-10-31T06:49:00,
233,STOCK_OVER,LOW,34,STOCK_OVER détectée pour produit 34.,2025-12-22T22:50:00,24,True,2025-12-22T23:50:00,
234,COLLECTION_FAILED,LOW,21,COLLECTION_FAILED détectée pour produit 21.,2025-11-26T20:35:00,21,False,,
235,SALES_ANOMALY,HIGH,114,SALES_ANOMALY détectée pour produit 114.,2025-12-15T03:17:00,19,True,2025-12-17T01:17:00,
236,PROMO_OVERLAP,CRITICAL,84,PROMO_OVERLAP détectée pour produit 84.,2026-01-12T22:31:00,27,True,2026-01-14T06:31:00,
237,PROMO_OVERLAP,HIGH,174,PROMO_OVERLAP détectée pour produit 174.,2026-02-20T07:40:00,26,True,2026-02-20T14:40:00,
238,STOCK_UNTREATED,CRITICAL,30,STOCK_UNTREATED détectée pour produit 30.,2025-12-01T09:33:00,30,True,2025-12-03T20:33:00,
239,STOCK_LOW,HIGH,140,STOCK_LOW détectée pour produit 140.,2025-11-01T23:03:00,19,False,,
240,COLLECTION_FAILED,LOW,37,COLLECTION_FAILED détectée pour produit 37.,2026-01-14T05:42:00,21,True,2026-01-16T12:42:00,
241,STOCK_UNTREATED,HIGH,79,STOCK_UNTREATED détectée pour produit 79.,2026-01-02T05:36:00,30,False,,
242,STOCK_UNTREATED,CRITICAL,29,STOCK_UNTREATED détectée pour produit 29.,2026-01-27T15:21:00,30,True,2026-01-29T13:21:00,
243,STOCK_UNTREATED,LOW,147,STOCK_UNTREATED détectée pour produit 147.,2026-01-10T18:25:00,30,True,2026-01-12T02:25:00,
244,PROMO_OVERLAP,MEDIUM,78,PROMO_OVERLAP détectée pour produit 78.,2026-02-23T18:10:00,26,True,2026-02-26T01:10:00,
245,PROMO_BELOW_MIN,MEDIUM,62,PROMO_BELOW_MIN détectée pour produit 62.,2025-11-16T03:07:00,26,True,2025-11-17T14:07:00,
246,PROMO_OVERLAP,MEDIUM,193,PROMO_OVERLAP détectée pour produit 193.,2025-11-24T11:36:00,27,True,2025-11-24T21:36:00,
247,SALES_ANOMALY,MEDIUM,56,SALES_ANOMALY détectée pour produit 56.,2026-01-05T21:31:00,19,False,,
248,SALES_ANOMALY,MEDIUM,87,SALES_ANOMALY détectée pour produit 87.,2026-01-25T22:20:00,19,True,2026-01-27T13:20:00,
249,STOCK_UNTREATED,MEDIUM,184,STOCK_UNTREATED détectée pour produit 184.,2026-02-09T04:56:00,30,True,2026-02-10T06:56:00,
250,SALES_ANOMALY,LOW,23,SALES_ANOMALY détectée pour produit 23.,2026-02-16T02:16:00,5,False,,
251,STOCK_LOW,LOW,198,STOCK_LOW détectée pour produit 198.,2026-02-17T12:37:00,18,False,,
252,PRICE_TOO_LOW,HIGH,147,PRICE_TOO_LOW détectée pour produit 147.,2025-11-08T18:52:00,27,True,2025-11-10T05:52:00,
253,PRICE_TOO_HIGH,LOW,20,PRICE_TOO_HIGH détectée pour produit 20.,2025-12-21T08:03:00,26,False,,
254,STOCK_LOW,MEDIUM,141,STOCK_LOW détectée pour produit 141.,2025-11-18T06:07:00,24,False,,
255,PROMO_OVERLAP,HIGH,174,PROMO_OVERLAP détectée pour produit 174.,2025-11-19T22:35:00,2,False,,
256,PROMO_OVERLAP,HIGH,162,PROMO_OVERLAP détectée pour produit 162.,2026-01-08T01:22:00,26,True,2026-01-09T16:22:00,
257,PROMO_BELOW_MIN,MEDIUM,164,PROMO_BELOW_MIN détectée pour produit 164.,2025-12-13T12:22:00,12,False,,
258,STOCK_OVER,LOW,62,STOCK_OVER détectée pour produit 62.,2026-02-07T14:30:00,11,True,2026-02-10T00:30:00,
259,STOCK_LOW,MEDIUM,122,STOCK_LOW détectée pour produit 122.,2026-02-08T23:26:00,19,False,,
260,PRICE_TOO_LOW,LOW,140,PRICE_TOO_LOW détectée pour produit 140.,2025-11-16T17:40:00,2,True,2025-11-19T01:40:00,
261,STOCK_OVER,HIGH,102,STOCK_OVER détectée pour produit 102.,2026-02-15T18:25:00,11,True,2026-02-16T18:25:00,
262,COLLECTION_FAILED,LOW,178,COLLECTION_FAILED détectée pour produit 178.,2025-11-03T23:24:00,21,False,,
263,PROMO_BELOW_MIN,CRITICAL,140,PROMO_BELOW_MIN détectée pour produit 140.,2025-11-14T01:12:00,12,False,,
264,STOCK_OVER,CRITICAL,37,STOCK_OVER détectée pour produit 37.,2025-12-09T13:21:00,5,False,,
265,PROMO_OVERLAP,MEDIUM,146,PROMO_OVERLAP détectée pour produit 146.,2025-12-12T06:08:00,2,True,2025-12-13T04:08:00,
266,PROMO_BELOW_MIN,HIGH,26,PROMO_BELOW_MIN détectée pour produit 26.,2026-01-14T19:37:00,26,True,2026-01-15T19:37:00,
267,PRICE_TOO_LOW,LOW,39,PRICE_TOO_LOW détectée pour produit 39.,2025-11-05T05:55:00,26,False,,
268,PROMO_OVERLAP,HIGH,22,PROMO_OVERLAP détectée pour produit 22.,2025-12-10T21:22:00,27,False,,
269,PROMO_BELOW_MIN,LOW,85,PROMO_BELOW_MIN détectée pour produit 85.,2025-12-17T19:01:00,27,True,2025-12-18T18:01:00,
270,STOCK_UNTREATED,MEDIUM,100,STOCK_UNTREATED détectée pour produit 100.,2026-02-12T23:00:00,30,True,2026-02-14T15:00:00,
271,PRICE_TOO_LOW,HIGH,194,PRICE_TOO_LOW détectée pour produit 194.,2026-01-19T00:50:00,2,True,2026-01-19T15:50:00,
272,STOCK_LOW,HIGH,173,STOCK_LOW détectée pour produit 173.,2025-11-07T21:58:00,11,True,2025-11-10T06:58:00,
273,PROMO_OVERLAP,MEDIUM,13,PROMO_OVERLAP détectée pour produit 13.,2025-11-16T02:13:00,2,False,,
274,PROMO_OVERLAP,MEDIUM,33,PROMO_OVERLAP détectée pour produit 33.,2025-11-27T04:49:00,12,True,2025-11-30T00:49:00,
275,COLLECTION_FAILED,LOW,64,COLLECTION_FAILED détectée pour produit 64.,2025-11-21T08:42:00,14,True,2025-11-21T15:42:00,
276,PROMO_BELOW_MIN,LOW,116,PROMO_BELOW_MIN détectée pour produit 116.,2026-01-31T21:01:00,26,False,,
277,PROMO_BELOW_MIN,MEDIUM,102,PROMO_BELOW_MIN détectée pour produit 102.,2026-02-03T07:47:00,27,True,2026-02-05T08:47:00,
278,COLLECTION_FAILED,LOW,103,COLLECTION_FAILED détectée pour produit 103.,2026-01-29T01:31:00,17,True,2026-01-30T02:31:00,
279,PRICE_TOO_HIGH,LOW,86,PRICE_TOO_HIGH détectée pour produit 86.,2026-01-25T09:51:00,2,True,2026-01-25T22:51:00,
280,COLLECTION_FAILED,HIGH,3,COLLECTION_FAILED détectée pour produit 3.,2025-12-17T02:39:00,21,True,2025-12-19T21:39:00,
281,PRICE_TOO_LOW,MEDIUM,98,PRICE_TOO_LOW détectée pour produit 98.,2025-11-01T20:39:00,12,True,2025-11-02T06:39:00,
282,STOCK_UNTREATED,HIGH,192,STOCK_UNTREATED détectée pour produit 192.,2026-01-27T13:17:00,30,True,2026-01-29T19:17:00,
283,PROMO_OVERLAP,MEDIUM,125,PROMO_OVERLAP détectée pour produit 125.,2025-12-12T07:16:00,27,True,2025-12-13T01:16:00,
284,PROMO_OVERLAP,HIGH,127,PROMO_OVERLAP détectée pour produit 127.,2026-01-15T00:02:00,27,False,,
285,PRICE_TOO_HIGH,MEDIUM,163,PRICE_TOO_HIGH détectée pour produit 163.,2026-02-10T17:41:00,12,False,,
286,STOCK_OVER,HIGH,118,STOCK_OVER détectée pour produit 118.,2025-12-19T08:36:00,24,True,2025-12-21T05:36:00,
287,STOCK_OVER,LOW,123,STOCK_OVER détectée pour produit 123.,2026-02-23T07:03:00,5,True,2026-02-24T09:03:00,
288,COLLECTION_FAILED,MEDIUM,78,COLLECTION_FAILED détectée pour produit 78.,2026-02-08T05:34:00,14,True,2026-02-10T22:34:00,
289,PROMO_OVERLAP,LOW,164,PROMO_OVERLAP détectée pour produit 164.,2025-12-19T13:53:00,27,True,2025-12-20T08:53:00,
290,STOCK_LOW,CRITICAL,13,STOCK_LOW détectée pour produit 13.,2025-11-13T23:57:00,19,True,2025-11-16T20:57:00,
291,STOCK_UNTREATED,MEDIUM,98,STOCK_UNTREATED détectée pour produit 98.,2025-11-17T04:32:00,30,False,,
292,PROMO_OVERLAP,MEDIUM,153,PROMO_OVERLAP détectée pour produit 153.,2026-01-10T09:01:00,2,True,2026-01-10T10:01:00,
293,STOCK_LOW,LOW,61,STOCK_LOW détectée pour produit 61.,2026-01-10T16:03:00,11,True,2026-01-13T08:03:00,
294,STOCK_OVER,HIGH,182,STOCK_OVER détectée pour produit 182.,2026-02-02T04:30:00,18,True,2026-02-02T06:30:00,
295,STOCK_UNTREATED,LOW,160,STOCK_UNTREATED détectée pour produit 160.,2025-12-25T14:51:00,30,True,2025-12-26T06:51:00,
296,STOCK_LOW,LOW,50,STOCK_LOW détectée pour produit 50.,2025-12-08T04:46:00,10,False,,
297,PRICE_TOO_HIGH,MEDIUM,182,PRICE_TOO_HIGH détectée pour produit 182.,2025-11-14T05:56:00,27,True,2025-11-15T09:56:00,
298,STOCK_LOW,HIGH,23,STOCK_LOW détectée pour produit 23.,2026-02-21T11:59:00,18,True,2026-02-23T10:59:00,
299,PROMO_OVERLAP,LOW,150,PROMO_OVERLAP détectée pour produit 150.,2025-12-05T03:43:00,27,False,,
300,PRICE_TOO_LOW,MEDIUM,183,PRICE_TOO_LOW détectée pour produit 183.,2025-12-01T05:54:00,12,False,,
301,STOCK_OVER,MEDIUM,129,STOCK_OVER détectée pour produit 129.,2025-12-05T10:39:00,11,False,,
302,STOCK_OVER,LOW,137,STOCK_OVER détectée pour produit 137.,2025-12-08T11:24:00,5,True,2025-12-11T08:24:00,
303,STOCK_OVER,CRITICAL,46,STOCK_OVER détectée pour produit 46.,2025-12-19T18:53:00,11,False,,
304,SALES_ANOMALY,MEDIUM,32,SALES_ANOMALY détectée pour produit 32.,2025-12-08T11:54:00,11,True,2025-12-10T05:54:00,
305,PROMO_OVERLAP,LOW,196,PROMO_OVERLAP détectée pour produit 196.,2025-12-14T14:16:00,12,False,,
306,PRICE_TOO_LOW,LOW,66,PRICE_TOO_LOW détectée pour produit 66.,2025-12-30T06:48:00,27,False,,
307,SALES_ANOMALY,LOW,58,SALES_ANOMALY détectée pour produit 58.,2025-12-11T02:06:00,24,True,2025-12-12T20:06:00,
308,COLLECTION_FAILED,CRITICAL,145,COLLECTION_FAILED détectée pour produit 145.,2026-02-21T09:49:00,21,False,,
309,STOCK_OVER,MEDIUM,171,STOCK_OVER détectée pour produit 171.,2025-11-24T00:30:00,24,False,,
310,COLLECTION_FAILED,HIGH,99,COLLECTION_FAILED détectée pour produit 99.,2026-02-07T11:05:00,17,False,,
311,PRICE_TOO_HIGH,HIGH,27,PRICE_TOO_HIGH détectée pour produit 27.,2026-01-08T12:31:00,26,False,,
312,STOCK_UNTREATED,HIGH,132,STOCK_UNTREATED détectée pour produit 132.,2026-02-24T19:28:00,30,False,,
313,STOCK_OVER,LOW,163,STOCK_OVER détectée pour produit 163.,2026-02-09T02:14:00,19,False,,
314,STOCK_LOW,LOW,45,STOCK_LOW détectée pour produit 45.,2026-02-02T00:31:00,18,False,,
315,STOCK_OVER,MEDIUM,147,STOCK_OVER détectée pour produit 147.,2025-12-02T20:05:00,10,True,2025-12-03T17:05:00,
316,STOCK_OVER,MEDIUM,170,STOCK_OVER détectée pour produit 170.,2025-12-07T00:10:00,18,True,2025-12-07T21:10:00,
317,PRICE_TOO_HIGH,LOW,189,PRICE_TOO_HIGH détectée pour produit 189.,2026-01-24T17:24:00,26,True,2026-01-27T15:24:00,
318,STOCK_LOW,MEDIUM,168,STOCK_LOW détectée pour produit 168.,2026-01-25T01:59:00,24,False,,
319,COLLECTION_FAILED,LOW,197,COLLECTION_FAILED détectée pour produit 197.,2026-01-13T01:26:00,21,True,2026-01-14T07:26:00,
320,STOCK_OVER,MEDIUM,88,STOCK_OVER détectée pour produit 88.,2025-12-17T03:17:00,19,False,,
321,STOCK_UNTREATED,LOW,175,STOCK_UNTREATED détectée pour produit 175.,2025-12-24T07:20:00,30,False,,
322,PROMO_OVERLAP,LOW,181,PROMO_OVERLAP détectée pour produit 181.,2025-11-07T08:38:00,27,True,2025-11-08T06:38:00,
323,STOCK_UNTREATED,LOW,125,STOCK_UNTREATED détectée pour produit 125.,2025-12-25T21:16:00,30,False,,
324,STOCK_UNTREATED,HIGH,166,STOCK_UNTREATED détectée pour produit 166.,2025-12-26T14:45:00,30,True,2025-12-28T22:45:00,
325,STOCK_OVER,HIGH,158,STOCK_OVER détectée pour produit 158.,2025-11-28T22:05:00,5,True,2025-11-30T09:05:00,
326,STOCK_OVER,HIGH,95,STOCK_OVER détectée pour produit 95.,2026-01-23T14:53:00,11,True,2026-01-24T18:53:00,
327,PRICE_TOO_HIGH,LOW,193,PRICE_TOO_HIGH détectée pour produit 193.,2025-11-27T07:19:00,27,True,2025-11-28T07:19:00,
328,STOCK_OVER,LOW,37,STOCK_OVER détectée pour produit 37.,2025-12-27T06:46:00,19,True,2025-12-28T14:46:00,
329,SALES_ANOMALY,MEDIUM,94,SALES_ANOMALY détectée pour produit 94.,2025-11-25T01:22:00,24,True,2025-11-25T09:22:00,
330,STOCK_LOW,MEDIUM,58,STOCK_LOW détectée pour produit 58.,2026-02-06T15:57:00,24,False,,
331,PROMO_OVERLAP,CRITICAL,171,PROMO_OVERLAP détectée pour produit 171.,2026-02-13T19:54:00,26,True,2026-02-14T18:54:00,
332,PRICE_TOO_HIGH,MEDIUM,123,PRICE_TOO_HIGH détectée pour produit 123.,2026-02-26T18:59:00,27,True,2026-03-01T01:59:00,
333,STOCK_LOW,HIGH,51,STOCK_LOW détectée pour produit 51.,2025-11-06T04:24:00,11,False,,
334,COLLECTION_FAILED,MEDIUM,185,COLLECTION_FAILED détectée pour produit 185.,2026-01-29T20:17:00,14,True,2026-02-01T15:17:00,
335,SALES_ANOMALY,LOW,95,SALES_ANOMALY détectée pour produit 95.,2026-02-05T09:39:00,5,True,2026-02-05T22:39:00,
336,STOCK_UNTREATED,HIGH,50,STOCK_UNTREATED détectée pour produit 50.,2026-01-19T20:02:00,30,True,2026-01-22T07:02:00,
337,STOCK_UNTREATED,LOW,170,STOCK_UNTREATED détectée pour produit 170.,2026-01-24T13:58:00,30,True,2026-01-25T03:58:00,
338,PRICE_TOO_HIGH,MEDIUM,24,PRICE_TOO_HIGH détectée pour produit 24.,2026-01-10T05:30:00,27,False,,
339,STOCK_OVER,LOW,164,STOCK_OVER détectée pour produit 164.,2026-01-04T14:48:00,18,True,2026-01-06T13:48:00,
340,PRICE_TOO_LOW,LOW,87,PRICE_TOO_LOW détectée pour produit 87.,2026-02-19T04:50:00,2,True,2026-02-20T10:50:00,
341,STOCK_UNTREATED,MEDIUM,78,STOCK_UNTREATED détectée pour produit 78.,2025-11-04T12:56:00,30,False,,
342,PRICE_TOO_LOW,LOW,164,PRICE_TOO_LOW détectée pour produit 164.,2025-12-28T22:22:00,12,True,2025-12-29T22:22:00,
343,PRICE_TOO_LOW,MEDIUM,114,PRICE_TOO_LOW détectée pour produit 114.,2026-01-23T18:52:00,12,False,,
344,STOCK_UNTREATED,CRITICAL,62,STOCK_UNTREATED détectée pour produit 62.,2025-11-04T13:59:00,30,False,,
345,PROMO_BELOW_MIN,HIGH,171,PROMO_BELOW_MIN détectée pour produit 171.,2025-11-13T13:39:00,27,False,,
346,PRICE_TOO_LOW,CRITICAL,68,PRICE_TOO_LOW détectée pour produit 68.,2025-12-31T10:03:00,27,False,,
347,STOCK_UNTREATED,CRITICAL,176,STOCK_UNTREATED détectée pour produit 176.,2025-12-19T15:48:00,30,False,,
348,SALES_ANOMALY,LOW,109,SALES_ANOMALY détectée pour produit 109.,2026-02-15T21:41:00,19,True,2026-02-17T21:41:00,
349,PROMO_BELOW_MIN,MEDIUM,7,PROMO_BELOW_MIN détectée pour produit 7.,2026-01-05T07:24:00,26,True,2026-01-06T16:24:00,
350,PROMO_BELOW_MIN,LOW,109,PROMO_BELOW_MIN détectée pour produit 109.,2025-11-12T06:18:00,26,False,,
351,PRICE_TOO_LOW,LOW,158,PRICE_TOO_LOW détectée pour produit 158.,2025-12-03T13:06:00,2,True,2025-12-06T04:06:00,
352,SALES_ANOMALY,LOW,159,SALES_ANOMALY détectée pour produit 159.,2026-01-03T01:37:00,18,False,,
353,PROMO_BELOW_MIN,MEDIUM,151,PROMO_BELOW_MIN détectée pour produit 151.,2026-02-12T20:29:00,27,False,,
354,COLLECTION_FAILED,MEDIUM,172,COLLECTION_FAILED détectée pour produit 172.,2026-01-21T04:07:00,17,False,,
355,PRICE_TOO_HIGH,MEDIUM,134,PRICE_TOO_HIGH détectée pour produit 134.,2025-12-04T07:21:00,2,False,,
356,PROMO_BELOW_MIN,LOW,127,PROMO_BELOW_MIN détectée pour produit 127.,2026-01-10T06:40:00,26,True,2026-01-11T03:40:00,
357,COLLECTION_FAILED,MEDIUM,102,COLLECTION_FAILED détectée pour produit 102.,2026-01-22T03:47:00,14,True,2026-01-24T03:47:00,
358,STOCK_UNTREATED,MEDIUM,133,STOCK_UNTREATED détectée pour produit 133.,2026-01-17T13:04:00,30,True,2026-01-19T07:04:00,
359,PRICE_TOO_LOW,MEDIUM,73,PRICE_TOO_LOW détectée pour produit 73.,2026-02-23T21:32:00,12,True,2026-02-24T22:32:00,
360,STOCK_OVER,LOW,123,STOCK_OVER détectée pour produit 123.,2026-02-21T18:42:00,10,True,2026-02-23T01:42:00,
361,SALES_ANOMALY,LOW,94,SALES_ANOMALY détectée pour produit 94.,2025-12-10T10:14:00,5,False,,
362,STOCK_OVER,MEDIUM,59,STOCK_OVER détectée pour produit 59.,2025-11-10T09:44:00,18,False,,
363,PROMO_OVERLAP,LOW,20,PROMO_OVERLAP détectée pour produit 20.,2026-01-25T08:31:00,27,True,2026-01-25T15:31:00,
364,STOCK_UNTREATED,MEDIUM,20,STOCK_UNTREATED détectée pour produit 20.,2026-01-12T06:54:00,30,True,2026-01-14T16:54:00,
365,STOCK_UNTREATED,LOW,148,STOCK_UNTREATED détectée pour produit 148.,2025-11-28T02:48:00,30,False,,
366,SALES_ANOMALY,CRITICAL,188,SALES_ANOMALY détectée pour produit 188.,2026-01-22T19:33:00,10,False,,
367,PROMO_BELOW_MIN,MEDIUM,102,PROMO_BELOW_MIN détectée pour produit 102.,2026-02-17T07:43:00,2,True,2026-02-18T14:43:00,
368,STOCK_UNTREATED,LOW,128,STOCK_UNTREATED détectée pour produit 128.,2026-02-13T01:14:00,30,False,,
369,PROMO_OVERLAP,LOW,187,PROMO_OVERLAP détectée pour produit 187.,2025-11-20T00:47:00,12,True,2025-11-20T16:47:00,
370,PROMO_OVERLAP,CRITICAL,7,PROMO_OVERLAP détectée pour produit 7.,2026-01-04T00:48:00,2,False,,
371,PRICE_TOO_HIGH,MEDIUM,32,PRICE_TOO_HIGH détectée pour produit 32.,2025-12-22T23:15:00,27,True,2025-12-25T13:15:00,
372,STOCK_LOW,LOW,11,STOCK_LOW détectée pour produit 11.,2025-12-03T18:29:00,10,True,2025-12-03T19:29:00,
373,STOCK_LOW,MEDIUM,8,STOCK_LOW détectée pour produit 8.,2025-12-04T13:25:00,19,False,,
374,COLLECTION_FAILED,MEDIUM,44,COLLECTION_FAILED détectée pour produit 44.,2026-01-08T00:50:00,17,True,2026-01-11T00:50:00,
375,STOCK_UNTREATED,MEDIUM,10,STOCK_UNTREATED détectée pour produit 10.,2025-11-08T14:03:00,30,True,2025-11-11T12:03:00,
376,PROMO_BELOW_MIN,HIGH,188,PROMO_BELOW_MIN détectée pour produit 188.,2026-01-10T16:33:00,2,True,2026-01-12T09:33:00,
377,SALES_ANOMALY,MEDIUM,54,SALES_ANOMALY détectée pour produit 54.,2025-11-13T15:30:00,11,True,2025-11-14T05:30:00,
378,STOCK_OVER,HIGH,194,STOCK_OVER détectée pour produit 194.,2025-11-10T14:20:00,19,False,,
379,PROMO_BELOW_MIN,LOW,168,PROMO_BELOW_MIN détectée pour produit 168.,2025-11-13T15:16:00,12,True,2025-11-14T21:16:00,
380,STOCK_OVER,LOW,182,STOCK_OVER détectée pour produit 182.,2025-11-30T20:58:00,10,True,2025-12-03T12:58:00,
381,STOCK_LOW,MEDIUM,9,STOCK_LOW détectée pour produit 9.,2025-12-04T13:42:00,19,True,2025-12-06T16:42:00,
382,STOCK_UNTREATED,LOW,118,STOCK_UNTREATED détectée pour produit 118.,2026-02-21T11:13:00,30,True,2026-02-23T01:13:00,
383,PROMO_BELOW_MIN,CRITICAL,197,PROMO_BELOW_MIN détectée pour produit 197.,2025-12-27T04:12:00,27,True,2025-12-28T21:12:00,
384,PROMO_OVERLAP,HIGH,123,PROMO_OVERLAP détectée pour produit 123.,2025-12-08T14:45:00,27,False,,
385,PROMO_OVERLAP,LOW,92,PROMO_OVERLAP détectée pour produit 92.,2026-02-20T18:12:00,26,True,2026-02-21T05:12:00,
386,STOCK_OVER,MEDIUM,130,STOCK_OVER détectée pour produit 130.,2026-01-14T16:28:00,11,True,2026-01-15T18:28:00,
387,STOCK_OVER,LOW,23,STOCK_OVER détectée pour produit 23.,2025-11-14T20:43:00,19,False,,
388,PRICE_TOO_HIGH,HIGH,120,PRICE_TOO_HIGH détectée pour produit 120.,2025-12-21T18:14:00,2,False,,
389,PROMO_BELOW_MIN,MEDIUM,195,PROMO_BELOW_MIN détectée pour produit 195.,2025-11-12T01:21:00,12,False,,
390,PROMO_BELOW_MIN,MEDIUM,169,PROMO_BELOW_MIN détectée pour produit 169.,2026-01-24T07:50:00,2,True,2026-01-24T13:50:00,
391,COLLECTION_FAILED,HIGH,195,COLLECTION_FAILED détectée pour produit 195.,2026-02-02T05:20:00,21,True,2026-02-02T14:20:00,
392,PROMO_OVERLAP,CRITICAL,105,PROMO_OVERLAP détectée pour produit 105.,2025-12-17T19:56:00,27,True,2025-12-19T21:56:00,
393,STOCK_UNTREATED,HIGH,189,STOCK_UNTREATED détectée pour produit 189.,2025-11-07T15:24:00,30,True,2025-11-09T15:24:00,
394,STOCK_UNTREATED,LOW,169,STOCK_UNTREATED détectée pour produit 169.,2025-12-08T12:35:00,30,False,,
395,SALES_ANOMALY,MEDIUM,148,SALES_ANOMALY détectée pour produit 148.,2026-01-21T12:54:00,19,False,,
396,PROMO_OVERLAP,HIGH,149,PROMO_OVERLAP détectée pour produit 149.,2026-01-22T02:20:00,27,False,,
397,PROMO_BELOW_MIN,LOW,179,PROMO_BELOW_MIN détectée pour produit 179.,2025-12-02T02:58:00,27,True,2025-12-02T05:58:00,
398,COLLECTION_FAILED,HIGH,171,COLLECTION_FAILED détectée pour produit 171.,2026-02-03T21:38:00,14,True,2026-02-05T06:38:00,
399,PROMO_OVERLAP,LOW,191,PROMO_OVERLAP détectée pour produit 191.,2025-12-28T11:39:00,27,True,2025-12-28T20:39:00,
400,PRICE_TOO_LOW,LOW,180,PRICE_TOO_LOW détectée pour produit 180.,2025-12-08T22:19:00,2,True,2025-12-09T14:19:00,
401,COLLECTION_FAILED,LOW,4,COLLECTION_FAILED détectée pour produit 4.,2025-10-30T01:34:00,21,False,,
402,PRICE_TOO_HIGH,LOW,198,PRICE_TOO_HIGH détectée pour produit 198.,2026-01-26T02:03:00,27,False,,
403,STOCK_UNTREATED,HIGH,179,STOCK_UNTREATED détectée pour produit 179.,2026-02-15T23:15:00,30,True,2026-02-18T10:15:00,
404,STOCK_UNTREATED,MEDIUM,177,STOCK_UNTREATED détectée pour produit 177.,2026-02-20T15:30:00,30,False,,
405,STOCK_OVER,MEDIUM,50,STOCK_OVER détectée pour produit 50.,2025-11-18T07:26:00,19,False,,
406,PROMO_OVERLAP,LOW,56,PROMO_OVERLAP détectée pour produit 56.,2025-12-31T19:24:00,27,True,2026-01-01T17:24:00,
407,STOCK_LOW,MEDIUM,39,STOCK_LOW détectée pour produit 39.,2025-11-03T03:54:00,24,True,2025-11-04T15:54:00,
408,SALES_ANOMALY,HIGH,68,SALES_ANOMALY détectée pour produit 68.,2026-02-21T04:08:00,18,False,,
409,STOCK_UNTREATED,HIGH,146,STOCK_UNTREATED détectée pour produit 146.,2025-12-01T15:26:00,30,False,,
410,COLLECTION_FAILED,LOW,66,COLLECTION_FAILED détectée pour produit 66.,2025-11-13T07:42:00,17,True,2025-11-15T20:42:00,
411,PRICE_TOO_HIGH,CRITICAL,24,PRICE_TOO_HIGH détectée pour produit 24.,2026-01-25T18:38:00,27,False,,
412,STOCK_UNTREATED,MEDIUM,63,STOCK_UNTREATED détectée pour produit 63.,2026-01-28T22:29:00,30,False,,
413,COLLECTION_FAILED,MEDIUM,35,COLLECTION_FAILED détectée pour produit 35.,2025-11-24T13:33:00,21,True,2025-11-26T16:33:00,
414,STOCK_OVER,LOW,156,STOCK_OVER détectée pour produit 156.,2025-11-04T12:35:00,10,False,,
415,STOCK_LOW,CRITICAL,101,STOCK_LOW détectée pour produit 101.,2025-11-15T10:19:00,10,True,2025-11-16T08:19:00,
416,STOCK_LOW,LOW,185,STOCK_LOW détectée pour produit 185.,2026-02-25T17:46:00,19,False,,
417,COLLECTION_FAILED,HIGH,200,COLLECTION_FAILED détectée pour produit 200.,2025-12-20T04:47:00,17,True,2025-12-21T18:47:00,
418,PROMO_OVERLAP,MEDIUM,58,PROMO_OVERLAP détectée pour produit 58.,2025-11-24T15:52:00,2,True,2025-11-26T19:52:00,
419,PROMO_OVERLAP,HIGH,178,PROMO_OVERLAP détectée pour produit 178.,2025-12-01T18:23:00,12,True,2025-12-02T01:23:00,
420,PROMO_OVERLAP,MEDIUM,126,PROMO_OVERLAP détectée pour produit 126.,2026-02-10T18:18:00,2,False,,
421,PROMO_BELOW_MIN,MEDIUM,74,PROMO_BELOW_MIN détectée pour produit 74.,2025-12-21T07:19:00,12,True,2025-12-23T22:19:00,
422,STOCK_UNTREATED,MEDIUM,59,STOCK_UNTREATED détectée pour produit 59.,2025-11-20T18:59:00,30,True,2025-11-23T00:59:00,
423,PRICE_TOO_HIGH,LOW,81,PRICE_TOO_HIGH détectée pour produit 81.,2025-11-22T02:02:00,27,False,,
424,COLLECTION_FAILED,LOW,106,COLLECTION_FAILED détectée pour produit 106.,2025-11-13T13:17:00,17,True,2025-11-16T10:17:00,
425,SALES_ANOMALY,HIGH,134,SALES_ANOMALY détectée pour produit 134.,2026-02-16T03:56:00,18,False,,
426,PROMO_OVERLAP,HIGH,71,PROMO_OVERLAP détectée pour produit 71.,2026-02-15T04:12:00,26,True,2026-02-16T06:12:00,
427,STOCK_OVER,CRITICAL,136,STOCK_OVER détectée pour produit 136.,2025-12-15T16:09:00,24,True,2025-12-16T00:09:00,
428,PRICE_TOO_LOW,MEDIUM,162,PRICE_TOO_LOW détectée pour produit 162.,2025-11-02T23:06:00,2,False,,
429,STOCK_OVER,MEDIUM,144,STOCK_OVER détectée pour produit 144.,2025-11-15T06:59:00,19,True,2025-11-16T20:59:00,
430,PROMO_BELOW_MIN,CRITICAL,153,PROMO_BELOW_MIN détectée pour produit 153.,2026-01-27T07:13:00,12,False,,
431,PRICE_TOO_LOW,MEDIUM,77,PRICE_TOO_LOW détectée pour produit 77.,2026-01-27T05:53:00,12,False,,
432,PRICE_TOO_LOW,MEDIUM,105,PRICE_TOO_LOW détectée pour produit 105.,2025-12-25T12:46:00,27,True,2025-12-28T02:46:00,
433,STOCK_UNTREATED,HIGH,92,STOCK_UNTREATED détectée pour produit 92.,2026-02-03T01:33:00,30,False,,
434,SALES_ANOMALY,HIGH,164,SALES_ANOMALY détectée pour produit 164.,2025-12-08T17:02:00,19,False,,
435,STOCK_LOW,LOW,124,STOCK_LOW détectée pour produit 124.,2025-11-22T04:35:00,11,True,2025-11-24T00:35:00,
436,STOCK_LOW,LOW,165,STOCK_LOW détectée pour produit 165.,2025-12-21T16:12:00,19,False,,
437,COLLECTION_FAILED,LOW,179,COLLECTION_FAILED détectée pour produit 179.,2025-11-18T10:42:00,14,True,2025-11-19T06:42:00,
438,SALES_ANOMALY,HIGH,137,SALES_ANOMALY détectée pour produit 137.,2026-01-26T03:07:00,5,False,,
439,COLLECTION_FAILED,HIGH,181,COLLECTION_FAILED détectée pour produit 181.,2025-12-10T22:19:00,21,True,2025-12-12T15:19:00,
440,STOCK_LOW,MEDIUM,30,STOCK_LOW détectée pour produit 30.,2026-02-09T03:43:00,24,False,,
441,STOCK_LOW,LOW,18,STOCK_LOW détectée pour produit 18.,2025-12-22T04:11:00,5,False,,
442,SALES_ANOMALY,LOW,63,SALES_ANOMALY détectée pour produit 63.,2025-11-20T19:37:00,5,True,2025-11-21T02:37:00,
443,STOCK_UNTREATED,HIGH,178,STOCK_UNTREATED détectée pour produit 178.,2026-01-25T09:03:00,30,False,,
444,STOCK_OVER,HIGH,4,STOCK_OVER détectée pour produit 4.,2026-01-27T01:19:00,19,True,2026-01-28T02:19:00,
445,STOCK_LOW,HIGH,44,STOCK_LOW détectée pour produit 44.,2026-01-11T02:04:00,10,False,,
446,PROMO_OVERLAP,MEDIUM,57,PROMO_OVERLAP détectée pour produit 57.,2026-01-24T11:39:00,26,False,,
447,PRICE_TOO_HIGH,LOW,195,PRICE_TOO_HIGH détectée pour produit 195.,2025-11-11T18:08:00,27,True,2025-11-12T08:08:00,
448,PROMO_BELOW_MIN,HIGH,27,PROMO_BELOW_MIN détectée pour produit 27.,2025-11-13T22:45:00,26,True,2025-11-16T05:45:00,
449,STOCK_LOW,LOW,200,STOCK_LOW détectée pour produit 200.,2025-11-18T22:09:00,11,True,2025-11-21T00:09:00,
450,PROMO_BELOW_MIN,CRITICAL,182,PROMO_BELOW_MIN détectée pour produit 182.,2026-01-03T15:22:00,26,True,2026-01-04T20:22:00,
451,STOCK_OVER,LOW,124,STOCK_OVER détectée pour produit 124.,2025-11-26T11:06:00,10,True,2025-11-27T23:06:00,
452,PROMO_BELOW_MIN,HIGH,74,PROMO_BELOW_MIN détectée pour produit 74.,2026-01-10T18:26:00,2,True,2026-01-13T13:26:00,
453,SALES_ANOMALY,LOW,19,SALES_ANOMALY détectée pour produit 19.,2025-12-04T01:04:00,5,True,2025-12-04T14:04:00,
454,STOCK_OVER,LOW,157,STOCK_OVER détectée pour produit 157.,2025-11-07T19:23:00,19,True,2025-11-08T10:23:00,
455,STOCK_OVER,LOW,100,STOCK_OVER détectée pour produit 100.,2025-12-08T08:54:00,18,False,,
456,STOCK_OVER,MEDIUM,91,STOCK_OVER détectée pour produit 91.,2026-02-17T05:49:00,11,False,,
457,STOCK_UNTREATED,MEDIUM,149,STOCK_UNTREATED détectée pour produit 149.,2025-11-18T05:33:00,30,True,2025-11-19T07:33:00,
458,PROMO_BELOW_MIN,MEDIUM,66,PROMO_BELOW_MIN détectée pour produit 66.,2026-01-30T20:04:00,12,False,,
459,STOCK_UNTREATED,CRITICAL,52,STOCK_UNTREATED détectée pour produit 52.,2025-11-25T12:18:00,30,True,2025-11-27T00:18:00,
460,COLLECTION_FAILED,CRITICAL,129,COLLECTION_FAILED détectée pour produit 129.,2026-01-02T04:36:00,21,True,2026-01-04T20:36:00,
461,COLLECTION_FAILED,LOW,51,COLLECTION_FAILED détectée pour produit 51.,2025-11-22T14:11:00,14,False,,
462,PROMO_OVERLAP,CRITICAL,173,PROMO_OVERLAP détectée pour produit 173.,2025-11-23T21:35:00,12,True,2025-11-24T10:35:00,
463,SALES_ANOMALY,HIGH,150,SALES_ANOMALY détectée pour produit 150.,2026-01-01T13:45:00,19,False,,
464,PRICE_TOO_HIGH,LOW,72,PRICE_TOO_HIGH détectée pour produit 72.,2026-02-22T05:46:00,12,True,2026-02-22T09:46:00,
465,PRICE_TOO_LOW,HIGH,54,PRICE_TOO_LOW détectée pour produit 54.,2026-01-28T17:33:00,27,True,2026-01-31T15:33:00,
466,STOCK_LOW,CRITICAL,32,STOCK_LOW détectée pour produit 32.,2026-01-08T19:47:00,10,True,2026-01-11T11:47:00,
467,COLLECTION_FAILED,MEDIUM,131,COLLECTION_FAILED détectée pour produit 131.,2025-11-04T03:07:00,14,True,2025-11-04T05:07:00,
468,STOCK_UNTREATED,LOW,144,STOCK_UNTREATED détectée pour produit 144.,2025-11-18T09:50:00,30,False,,
469,COLLECTION_FAILED,LOW,150,COLLECTION_FAILED détectée pour produit 150.,2025-11-27T22:04:00,21,False,,
470,STOCK_UNTREATED,HIGH,126,STOCK_UNTREATED détectée pour produit 126.,2025-12-31T16:22:00,30,False,,
471,STOCK_OVER,LOW,47,STOCK_OVER détectée pour produit 47.,2025-12-07T13:53:00,19,False,,
472,PROMO_BELOW_MIN,HIGH,62,PROMO_BELOW_MIN détectée pour produit 62.,2025-11-18T21:05:00,26,True,2025-11-19T09:05:00,
473,STOCK_OVER,HIGH,125,STOCK_OVER détectée pour produit 125.,2026-02-17T05:22:00,18,True,2026-02-19T18:22:00,
474,PROMO_OVERLAP,LOW,187,PROMO_OVERLAP détectée pour produit 187.,2025-11-11T14:39:00,27,True,2025-11-12T01:39:00,
475,STOCK_UNTREATED,MEDIUM,109,STOCK_UNTREATED détectée pour produit 109.,2026-01-21T00:21:00,30,True,2026-01-22T21:21:00,
476,PRICE_TOO_HIGH,CRITICAL,150,PRICE_TOO_HIGH détectée pour produit 150.,2026-01-31T20:21:00,27,True,2026-02-01T15:21:00,
477,STOCK_UNTREATED,MEDIUM,27,STOCK_UNTREATED détectée pour produit 27.,2025-12-18T20:14:00,30,False,,
478,STOCK_LOW,LOW,132,STOCK_LOW détectée pour produit 132.,2026-01-12T06:21:00,5,True,2026-01-15T06:21:00,
479,PRICE_TOO_LOW,CRITICAL,5,PRICE_TOO_LOW détectée pour produit 5.,2025-11-14T09:47:00,12,True,2025-11-17T07:47:00,
480,PROMO_BELOW_MIN,MEDIUM,25,PROMO_BELOW_MIN détectée pour produit 25.,2025-11-19T18:30:00,2,True,2025-11-21T21:30:00,
481,PROMO_BELOW_MIN,HIGH,197,PROMO_BELOW_MIN détectée pour produit 197.,2025-11-24T06:28:00,27,True,2025-11-26T04:28:00,
482,COLLECTION_FAILED,LOW,98,COLLECTION_FAILED détectée pour produit 98.,2026-02-16T16:36:00,14,False,,
483,PROMO_BELOW_MIN,MEDIUM,49,PROMO_BELOW_MIN détectée pour produit 49.,2026-01-20T14:26:00,12,True,2026-01-23T09:26:00,
484,STOCK_UNTREATED,LOW,34,STOCK_UNTREATED détectée pour produit 34.,2025-11-20T21:55:00,30,False,,
485,STOCK_UNTREATED,HIGH,3,STOCK_UNTREATED détectée pour produit 3.,2025-12-03T01:54:00,30,True,2025-12-04T05:54:00,
486,PRICE_TOO_HIGH,LOW,41,PRICE_TOO_HIGH détectée pour produit 41.,2025-11-17T15:25:00,2,True,2025-11-17T19:25:00,
487,COLLECTION_FAILED,CRITICAL,152,COLLECTION_FAILED détectée pour produit 152.,2025-10-29T19:13:00,14,True,2025-11-01T17:13:00,
488,PROMO_BELOW_MIN,MEDIUM,39,PROMO_BELOW_MIN détectée pour produit 39.,2025-10-30T17:17:00,2,False,,
489,PROMO_OVERLAP,LOW,177,PROMO_OVERLAP détectée pour produit 177.,2026-01-29T12:29:00,2,False,,
490,PRICE_TOO_HIGH,LOW,144,PRICE_TOO_HIGH détectée pour produit 144.,2026-02-02T18:24:00,2,False,,
491,COLLECTION_FAILED,CRITICAL,190,COLLECTION_FAILED détectée pour produit 190.,2026-01-05T07:33:00,21,False,,
492,PRICE_TOO_HIGH,HIGH,186,PRICE_TOO_HIGH détectée pour produit 186.,2025-12-11T23:24:00,26,False,,
493,STOCK_LOW,HIGH,181,STOCK_LOW détectée pour produit 181.,2026-02-17T10:28:00,11,True,2026-02-17T16:28:00,
494,STOCK_UNTREATED,CRITICAL,181,STOCK_UNTREATED détectée pour produit 181.,2025-12-10T18:15:00,30,True,2025-12-12T21:15:00,
495,SALES_ANOMALY,CRITICAL,112,SALES_ANOMALY détectée pour produit 112.,2026-01-26T14:38:00,5,False,,
496,STOCK_OVER,HIGH,127,STOCK_OVER détectée pour produit 127.,2026-02-21T16:10:00,11,False,,
497,PRICE_TOO_HIGH,LOW,28,PRICE_TOO_HIGH détectée pour produit 28.,2026-01-09T14:14:00,12,True,2026-01-11T08:14:00,
498,PRICE_TOO_HIGH,MEDIUM,141,PRICE_TOO_HIGH détectée pour produit 141.,2025-11-13T14:49:00,2,False,,
499,PRICE_TOO_LOW,LOW,141,PRICE_TOO_LOW détectée pour produit 141.,2025-11-03T15:15:00,12,True,2025-11-04T17:15:00,
500,PRICE_TOO_LOW,MEDIUM,124,PRICE_TOO_LOW détectée pour produit 124.,2026-02-18T02:52:00,2,True,2026-02-19T11:52:00,
501,PROMO_OVERLAP,HIGH,121,PROMO_OVERLAP détectée pour produit 121.,2025-12-07T14:09:00,12,False,,
502,COLLECTION_FAILED,HIGH,131,COLLECTION_FAILED détectée pour produit 131.,2025-11-04T19:41:00,17,True,2025-11-07T06:41:00,
503,PRICE_TOO_LOW,MEDIUM,129,PRICE_TOO_LOW détectée pour produit 129.,2025-12-17T20:46:00,12,True,2025-12-20T17:46:00,
504,PRICE_TOO_HIGH,LOW,198,PRICE_TOO_HIGH détectée pour produit 198.,2026-02-17T19:34:00,2,False,,
505,PRICE_TOO_LOW,MEDIUM,157,PRICE_TOO_LOW détectée pour produit 157.,2026-01-15T10:29:00,27,True,2026-01-15T19:29:00,
506,SALES_ANOMALY,HIGH,177,SALES_ANOMALY détectée pour produit 177.,2026-02-04T22:54:00,19,True,2026-02-05T19:54:00,
507,STOCK_UNTREATED,CRITICAL,37,STOCK_UNTREATED détectée pour produit 37.,2025-11-06T05:28:00,30,True,2025-11-07T23:28:00,
508,PRICE_TOO_LOW,CRITICAL,161,PRICE_TOO_LOW détectée pour produit 161.,2026-02-05T13:44:00,27,True,2026-02-06T02:44:00,
509,PROMO_BELOW_MIN,CRITICAL,50,PROMO_BELOW_MIN détectée pour produit 50.,2026-01-02T19:51:00,27,False,,
510,PRICE_TOO_LOW,CRITICAL,115,PRICE_TOO_LOW détectée pour produit 115.,2025-11-27T05:58:00,2,False,,
511,PRICE_TOO_HIGH,HIGH,49,PRICE_TOO_HIGH détectée pour produit 49.,2026-02-12T09:23:00,12,True,2026-02-15T05:23:00,
512,SALES_ANOMALY,MEDIUM,62,SALES_ANOMALY détectée pour produit 62.,2025-12-01T10:20:00,5,True,2025-12-04T01:20:00,
513,STOCK_OVER,LOW,57,STOCK_OVER détectée pour produit 57.,2026-02-18T14:43:00,11,True,2026-02-20T18:43:00,
514,PRICE_TOO_HIGH,CRITICAL,64,PRICE_TOO_HIGH détectée pour produit 64.,2025-12-12T13:49:00,27,False,,
515,STOCK_UNTREATED,LOW,167,STOCK_UNTREATED détectée pour produit 167.,2026-01-08T17:14:00,30,True,2026-01-11T10:14:00,
516,SALES_ANOMALY,HIGH,1,SALES_ANOMALY détectée pour produit 1.,2025-12-22T23:32:00,24,False,,
517,SALES_ANOMALY,LOW,83,SALES_ANOMALY détectée pour produit 83.,2026-02-14T21:03:00,18,False,,
518,PRICE_TOO_LOW,LOW,68,PRICE_TOO_LOW détectée pour produit 68.,2025-12-11T08:20:00,26,False,,
519,PROMO_OVERLAP,MEDIUM,48,PROMO_OVERLAP détectée pour produit 48.,2025-10-29T21:13:00,27,False,,
520,SALES_ANOMALY,HIGH,163,SALES_ANOMALY détectée pour produit 163.,2026-02-18T15:06:00,18,True,2026-02-20T14:06:00,
521,STOCK_OVER,CRITICAL,116,STOCK_OVER détectée pour produit 116.,2026-01-24T00:00:00,10,True,2026-01-25T06:00:00,
522,STOCK_OVER,MEDIUM,172,STOCK_OVER détectée pour produit 172.,2025-11-05T22:59:00,24,True,2025-11-08T22:59:00,
523,STOCK_UNTREATED,MEDIUM,136,STOCK_UNTREATED détectée pour produit 136.,2026-02-21T04:06:00,30,True,2026-02-23T02:06:00,
524,COLLECTION_FAILED,MEDIUM,85,COLLECTION_FAILED détectée pour produit 85.,2026-02-23T06:38:00,21,True,2026-02-25T06:38:00,
525,PRICE_TOO_HIGH,MEDIUM,195,PRICE_TOO_HIGH détectée pour produit 195.,2025-12-10T03:07:00,27,True,2025-12-11T01:07:00,
526,PROMO_OVERLAP,LOW,39,PROMO_OVERLAP détectée pour produit 39.,2026-02-13T10:10:00,2,False,,
527,STOCK_OVER,MEDIUM,144,STOCK_OVER détectée pour produit 144.,2026-02-16T11:49:00,24,True,2026-02-17T08:49:00,
528,COLLECTION_FAILED,LOW,117,COLLECTION_FAILED détectée pour produit 117.,2026-02-18T16:42:00,17,True,2026-02-20T04:42:00,
529,PRICE_TOO_LOW,HIGH,74,PRICE_TOO_LOW détectée pour produit 74.,2026-01-29T10:33:00,2,True,2026-01-29T11:33:00,
530,PROMO_OVERLAP,LOW,193,PROMO_OVERLAP détectée pour produit 193.,2026-02-04T11:04:00,12,False,,
531,COLLECTION_FAILED,HIGH,163,COLLECTION_FAILED détectée pour produit 163.,2025-11-04T09:12:00,17,True,2025-11-07T09:12:00,
532,SALES_ANOMALY,CRITICAL,120,SALES_ANOMALY détectée pour produit 120.,2026-02-05T01:45:00,24,False,,
533,PROMO_OVERLAP,LOW,96,PROMO_OVERLAP détectée pour produit 96.,2026-02-13T08:26:00,2,True,2026-02-14T11:26:00,
534,STOCK_UNTREATED,HIGH,20,STOCK_UNTREATED détectée pour produit 20.,2026-02-04T01:51:00,30,False,,
535,STOCK_UNTREATED,MEDIUM,34,STOCK_UNTREATED détectée pour produit 34.,2025-11-19T11:42:00,30,True,2025-11-20T23:42:00,
536,SALES_ANOMALY,MEDIUM,71,SALES_ANOMALY détectée pour produit 71.,2025-12-04T07:35:00,19,False,,
537,PRICE_TOO_LOW,MEDIUM,113,PRICE_TOO_LOW détectée pour produit 113.,2025-12-28T01:54:00,2,True,2025-12-28T07:54:00,
538,SALES_ANOMALY,MEDIUM,31,SALES_ANOMALY détectée pour produit 31.,2025-12-22T23:11:00,18,False,,
539,STOCK_UNTREATED,LOW,190,STOCK_UNTREATED détectée pour produit 190.,2026-02-07T21:39:00,30,False,,
540,PROMO_BELOW_MIN,HIGH,61,PROMO_BELOW_MIN détectée pour produit 61.,2025-11-10T12:52:00,27,False,,
541,PROMO_BELOW_MIN,CRITICAL,116,PROMO_BELOW_MIN détectée pour produit 116.,2026-02-16T02:48:00,27,True,2026-02-18T14:48:00,
542,STOCK_UNTREATED,HIGH,115,STOCK_UNTREATED détectée pour produit 115.,2026-02-25T15:55:00,30,True,2026-02-27T01:55:00,
543,PROMO_OVERLAP,LOW,131,PROMO_OVERLAP détectée pour produit 131.,2025-11-20T09:10:00,12,True,2025-11-22T22:10:00,
544,SALES_ANOMALY,MEDIUM,43,SALES_ANOMALY détectée pour produit 43.,2025-11-16T12:34:00,5,True,2025-11-17T08:34:00,
545,PROMO_OVERLAP,HIGH,82,PROMO_OVERLAP détectée pour produit 82.,2026-02-11T18:48:00,27,False,,
546,SALES_ANOMALY,MEDIUM,109,SALES_ANOMALY détectée pour produit 109.,2025-11-25T17:19:00,24,False,,
547,PROMO_BELOW_MIN,MEDIUM,174,PROMO_BELOW_MIN détectée pour produit 174.,2025-12-22T15:29:00,12,False,,
548,PRICE_TOO_LOW,HIGH,42,PRICE_TOO_LOW détectée pour produit 42.,2026-01-31T14:49:00,12,True,2026-02-02T21:49:00,
549,PRICE_TOO_HIGH,MEDIUM,109,PRICE_TOO_HIGH détectée pour produit 109.,2025-11-24T23:35:00,26,False,,
550,PROMO_BELOW_MIN,LOW,40,PROMO_BELOW_MIN détectée pour produit 40.,2026-01-13T02:38:00,12,True,2026-01-15T12:38:00,
551,COLLECTION_FAILED,MEDIUM,152,COLLECTION_FAILED détectée pour produit 152.,2025-11-29T17:09:00,21,False,,
552,PRICE_TOO_LOW,CRITICAL,149,PRICE_TOO_LOW détectée pour produit 149.,2025-12-24T06:02:00,26,True,2025-12-26T05:02:00,
553,STOCK_LOW,MEDIUM,196,STOCK_LOW détectée pour produit 196.,2025-12-14T18:17:00,10,True,2025-12-15T02:17:00,
554,STOCK_OVER,LOW,100,STOCK_OVER détectée pour produit 100.,2025-12-06T09:21:00,10,False,,
555,PROMO_BELOW_MIN,MEDIUM,84,PROMO_BELOW_MIN détectée pour produit 84.,2025-10-30T13:09:00,27,True,2025-10-31T09:09:00,
556,PROMO_OVERLAP,LOW,31,PROMO_OVERLAP détectée pour produit 31.,2025-11-27T11:51:00,2,False,,
557,SALES_ANOMALY,MEDIUM,137,SALES_ANOMALY détectée pour produit 137.,2025-12-03T22:03:00,19,False,,
558,STOCK_UNTREATED,LOW,115,STOCK_UNTREATED détectée pour produit 115.,2026-02-15T15:11:00,30,True,2026-02-17T22:11:00,
559,STOCK_LOW,LOW,67,STOCK_LOW détectée pour produit 67.,2026-01-08T11:35:00,11,False,,
560,STOCK_UNTREATED,MEDIUM,65,STOCK_UNTREATED détectée pour produit 65.,2026-01-15T16:09:00,30,True,2026-01-18T10:09:00,
561,STOCK_OVER,MEDIUM,180,STOCK_OVER détectée pour produit 180.,2025-12-21T15:31:00,11,True,2025-12-24T07:31:00,
562,PRICE_TOO_HIGH,HIGH,1,PRICE_TOO_HIGH détectée pour produit 1.,2025-12-05T12:05:00,12,True,2025-12-06T18:05:00,
563,SALES_ANOMALY,LOW,10,SALES_ANOMALY détectée pour produit 10.,2026-01-19T00:38:00,24,False,,
564,PRICE_TOO_LOW,HIGH,81,PRICE_TOO_LOW détectée pour produit 81.,2025-11-03T10:34:00,12,True,2025-11-04T10:34:00,
565,COLLECTION_FAILED,HIGH,91,COLLECTION_FAILED détectée pour produit 91.,2025-11-21T10:50:00,21,True,2025-11-23T12:50:00,
566,STOCK_LOW,MEDIUM,38,STOCK_LOW détectée pour produit 38.,2025-12-04T13:35:00,5,False,,
567,PROMO_OVERLAP,LOW,114,PROMO_OVERLAP détectée pour produit 114.,2025-11-14T06:08:00,26,True,2025-11-16T23:08:00,
568,PRICE_TOO_HIGH,LOW,190,PRICE_TOO_HIGH détectée pour produit 190.,2025-12-23T05:48:00,27,False,,
569,PRICE_TOO_HIGH,LOW,115,PRICE_TOO_HIGH détectée pour produit 115.,2025-12-03T10:42:00,2,True,2025-12-05T04:42:00,
570,PRICE_TOO_HIGH,HIGH,144,PRICE_TOO_HIGH détectée pour produit 144.,2026-02-10T15:04:00,27,False,,
571,PROMO_OVERLAP,HIGH,188,PROMO_OVERLAP détectée pour produit 188.,2026-01-23T05:03:00,26,False,,
572,PROMO_OVERLAP,HIGH,91,PROMO_OVERLAP détectée pour produit 91.,2026-02-19T11:31:00,26,True,2026-02-21T19:31:00,
573,PRICE_TOO_HIGH,MEDIUM,69,PRICE_TOO_HIGH détectée pour produit 69.,2025-11-11T02:23:00,12,True,2025-11-12T23:23:00,
574,STOCK_OVER,HIGH,153,STOCK_OVER détectée pour produit 153.,2025-11-22T01:01:00,18,True,2025-11-23T22:01:00,
575,SALES_ANOMALY,CRITICAL,170,SALES_ANOMALY détectée pour produit 170.,2026-01-28T15:46:00,18,True,2026-01-29T05:46:00,
576,PROMO_OVERLAP,HIGH,172,PROMO_OVERLAP détectée pour produit 172.,2026-02-04T06:14:00,2,False,,
577,STOCK_OVER,LOW,13,STOCK_OVER détectée pour produit 13.,2025-12-01T09:06:00,19,False,,
578,STOCK_OVER,MEDIUM,131,STOCK_OVER détectée pour produit 131.,2025-11-06T19:41:00,11,True,2025-11-08T19:41:00,
579,COLLECTION_FAILED,MEDIUM,48,COLLECTION_FAILED détectée pour produit 48.,2025-11-12T18:38:00,21,True,2025-11-13T21:38:00,
580,SALES_ANOMALY,CRITICAL,194,SALES_ANOMALY détectée pour produit 194.,2026-02-26T01:37:00,11,True,2026-02-27T07:37:00,
581,PROMO_BELOW_MIN,HIGH,46,PROMO_BELOW_MIN détectée pour produit 46.,2025-12-25T23:28:00,26,False,,
582,STOCK_UNTREATED,LOW,78,STOCK_UNTREATED détectée pour produit 78.,2025-10-30T11:35:00,30,True,2025-11-01T13:35:00,
583,STOCK_UNTREATED,MEDIUM,30,STOCK_UNTREATED détectée pour produit 30.,2025-10-29T13:27:00,30,True,2025-10-30T14:27:00,
584,PROMO_BELOW_MIN,MEDIUM,52,PROMO_BELOW_MIN détectée pour produit 52.,2025-12-12T13:22:00,12,False,,
585,COLLECTION_FAILED,MEDIUM,93,COLLECTION_FAILED détectée pour produit 93.,2025-11-21T09:23:00,14,True,2025-11-21T21:23:00,
586,PROMO_BELOW_MIN,MEDIUM,192,PROMO_BELOW_MIN détectée pour produit 192.,2025-12-30T22:31:00,27,False,,
587,STOCK_LOW,LOW,10,STOCK_LOW détectée pour produit 10.,2025-12-09T16:36:00,10,True,2025-12-10T04:36:00,
588,STOCK_UNTREATED,MEDIUM,152,STOCK_UNTREATED détectée pour produit 152.,2026-01-01T02:58:00,30,True,2026-01-03T03:58:00,
589,SALES_ANOMALY,MEDIUM,79,SALES_ANOMALY détectée pour produit 79.,2026-02-21T10:13:00,10,True,2026-02-23T10:13:00,
590,STOCK_LOW,HIGH,124,STOCK_LOW détectée pour produit 124.,2026-01-19T08:07:00,18,True,2026-01-21T21:07:00,
591,STOCK_LOW,HIGH,13,STOCK_LOW détectée pour produit 13.,2026-01-26T21:58:00,5,True,2026-01-27T19:58:00,
592,STOCK_OVER,LOW,126,STOCK_OVER détectée pour produit 126.,2025-11-26T09:33:00,18,False,,
593,PROMO_OVERLAP,MEDIUM,37,PROMO_OVERLAP détectée pour produit 37.,2025-12-14T16:20:00,12,False,,
594,COLLECTION_FAILED,MEDIUM,171,COLLECTION_FAILED détectée pour produit 171.,2026-01-12T06:03:00,21,False,,
595,PROMO_OVERLAP,CRITICAL,34,PROMO_OVERLAP détectée pour produit 34.,2025-11-04T07:43:00,26,False,,
596,SALES_ANOMALY,MEDIUM,9,SALES_ANOMALY détectée pour produit 9.,2025-11-04T13:33:00,24,True,2025-11-04T14:33:00,
597,PROMO_BELOW_MIN,LOW,177,PROMO_BELOW_MIN détectée pour produit 177.,2026-01-05T09:27:00,26,True,2026-01-05T13:27:00,
598,PRICE_TOO_HIGH,LOW,163,PRICE_TOO_HIGH détectée pour produit 163.,2026-01-01T17:18:00,26,False,,
599,STOCK_OVER,HIGH,97,STOCK_OVER détectée pour produit 97.,2025-11-20T14:12:00,18,False,,
600,SALES_ANOMALY,MEDIUM,30,SALES_ANOMALY détectée pour produit 30.,2025-11-10T16:24:00,10,False,,
601,PROMO_OVERLAP,LOW,198,PROMO_OVERLAP détectée pour produit 198.,2025-12-24T02:37:00,26,False,,
602,PROMO_OVERLAP,LOW,159,PROMO_OVERLAP détectée pour produit 159.,2025-12-22T19:10:00,12,True,2025-12-25T02:10:00,
603,STOCK_UNTREATED,CRITICAL,189,STOCK_UNTREATED détectée pour produit 189.,2026-02-12T02:26:00,30,True,2026-02-13T00:26:00,
604,PRICE_TOO_HIGH,CRITICAL,146,PRICE_TOO_HIGH détectée pour produit 146.,2026-01-25T02:53:00,2,False,,
605,STOCK_OVER,MEDIUM,123,STOCK_OVER détectée pour produit 123.,2025-12-18T03:39:00,5,True,2025-12-20T14:39:00,
606,PRICE_TOO_HIGH,LOW,186,PRICE_TOO_HIGH détectée pour produit 186.,2025-12-26T12:58:00,2,True,2025-12-29T04:58:00,
607,COLLECTION_FAILED,MEDIUM,134,COLLECTION_FAILED détectée pour produit 134.,2026-01-30T20:50:00,14,False,,
608,PROMO_OVERLAP,CRITICAL,148,PROMO_OVERLAP détectée pour produit 148.,2025-11-02T10:34:00,12,False,,
609,PROMO_BELOW_MIN,MEDIUM,105,PROMO_BELOW_MIN détectée pour produit 105.,2026-01-26T20:14:00,2,True,2026-01-29T13:14:00,
610,SALES_ANOMALY,HIGH,180,SALES_ANOMALY détectée pour produit 180.,2025-12-22T06:52:00,5,False,,
611,PROMO_OVERLAP,MEDIUM,91,PROMO_OVERLAP détectée pour produit 91.,2026-02-08T18:45:00,26,True,2026-02-09T15:45:00,
612,PROMO_BELOW_MIN,LOW,164,PROMO_BELOW_MIN détectée pour produit 164.,2026-01-10T10:48:00,27,False,,
613,PRICE_TOO_HIGH,HIGH,111,PRICE_TOO_HIGH détectée pour produit 111.,2026-01-04T21:28:00,27,False,,
614,PROMO_BELOW_MIN,MEDIUM,13,PROMO_BELOW_MIN détectée pour produit 13.,2025-11-14T06:14:00,12,True,2025-11-14T19:14:00,
615,STOCK_OVER,LOW,98,STOCK_OVER détectée pour produit 98.,2026-02-17T08:44:00,24,False,,
616,PROMO_BELOW_MIN,MEDIUM,115,PROMO_BELOW_MIN détectée pour produit 115.,2026-02-26T23:27:00,12,True,2026-02-27T00:27:00,
617,STOCK_OVER,MEDIUM,175,STOCK_OVER détectée pour produit 175.,2025-10-29T05:30:00,19,True,2025-10-31T21:30:00,
618,STOCK_LOW,HIGH,87,STOCK_LOW détectée pour produit 87.,2026-01-18T06:59:00,10,False,,
619,PROMO_BELOW_MIN,LOW,70,PROMO_BELOW_MIN détectée pour produit 70.,2025-11-15T10:04:00,2,True,2025-11-17T16:04:00,
620,PROMO_BELOW_MIN,CRITICAL,15,PROMO_BELOW_MIN détectée pour produit 15.,2026-02-17T11:59:00,12,True,2026-02-19T21:59:00,
621,PRICE_TOO_LOW,LOW,10,PRICE_TOO_LOW détectée pour produit 10.,2025-12-19T04:14:00,2,False,,
622,STOCK_OVER,HIGH,174,STOCK_OVER détectée pour produit 174.,2025-12-10T01:28:00,24,False,,
623,STOCK_OVER,HIGH,159,STOCK_OVER détectée pour produit 159.,2026-02-20T03:58:00,19,True,2026-02-20T15:58:00,
624,STOCK_UNTREATED,MEDIUM,16,STOCK_UNTREATED détectée pour produit 16.,2025-11-15T04:53:00,30,True,2025-11-18T02:53:00,
625,SALES_ANOMALY,MEDIUM,30,SALES_ANOMALY détectée pour produit 30.,2025-12-17T18:27:00,5,False,,
626,PROMO_OVERLAP,MEDIUM,26,PROMO_OVERLAP détectée pour produit 26.,2025-12-15T17:22:00,2,True,2025-12-17T00:22:00,
627,STOCK_UNTREATED,LOW,83,STOCK_UNTREATED détectée pour produit 83.,2025-12-27T14:53:00,30,False,,
628,PROMO_BELOW_MIN,LOW,169,PROMO_BELOW_MIN détectée pour produit 169.,2025-12-25T10:00:00,2,True,2025-12-26T10:00:00,
629,STOCK_UNTREATED,MEDIUM,142,STOCK_UNTREATED détectée pour produit 142.,2025-11-05T08:20:00,30,False,,
630,STOCK_OVER,MEDIUM,187,STOCK_OVER détectée pour produit 187.,2026-02-21T16:04:00,5,False,,
631,PROMO_OVERLAP,MEDIUM,140,PROMO_OVERLAP détectée pour produit 140.,2026-01-21T00:57:00,2,False,,
632,SALES_ANOMALY,MEDIUM,180,SALES_ANOMALY détectée pour produit 180.,2025-12-01T04:20:00,11,False,,
633,COLLECTION_FAILED,MEDIUM,144,COLLECTION_FAILED détectée pour produit 144.,2025-11-16T06:39:00,17,True,2025-11-16T11:39:00,
634,PROMO_OVERLAP,MEDIUM,113,PROMO_OVERLAP détectée pour produit 113.,2025-12-24T06:40:00,2,False,,
635,STOCK_OVER,CRITICAL,137,STOCK_OVER détectée pour produit 137.,2025-12-12T16:10:00,10,False,,
636,STOCK_UNTREATED,MEDIUM,21,STOCK_UNTREATED détectée pour produit 21.,2025-12-14T01:28:00,30,True,2025-12-15T21:28:00,
637,STOCK_LOW,CRITICAL,154,STOCK_LOW détectée pour produit 154.,2025-12-16T15:17:00,24,True,2025-12-17T21:17:00,
638,STOCK_LOW,LOW,112,STOCK_LOW détectée pour produit 112.,2026-02-14T10:35:00,10,False,,
639,STOCK_LOW,HIGH,116,STOCK_LOW détectée pour produit 116.,2025-12-02T05:17:00,11,False,,
640,PRICE_TOO_LOW,MEDIUM,129,PRICE_TOO_LOW détectée pour produit 129.,2026-01-05T21:09:00,26,True,2026-01-06T10:09:00,
641,PRICE_TOO_LOW,MEDIUM,36,PRICE_TOO_LOW détectée pour produit 36.,2026-01-31T14:56:00,26,False,,
642,PRICE_TOO_HIGH,LOW,2,PRICE_TOO_HIGH détectée pour produit 2.,2025-11-14T20:44:00,27,False,,
643,PROMO_BELOW_MIN,HIGH,178,PROMO_BELOW_MIN détectée pour produit 178.,2025-12-16T16:58:00,2,True,2025-12-17T15:58:00,
644,STOCK_LOW,HIGH,31,STOCK_LOW détectée pour produit 31.,2026-02-05T09:37:00,24,False,,
645,PRICE_TOO_HIGH,MEDIUM,36,PRICE_TOO_HIGH détectée pour produit 36.,2025-11-05T15:07:00,12,False,,
646,PROMO_BELOW_MIN,MEDIUM,124,PROMO_BELOW_MIN détectée pour produit 124.,2026-02-03T19:31:00,2,False,,
647,STOCK_LOW,MEDIUM,84,STOCK_LOW détectée pour produit 84.,2026-01-11T04:58:00,10,False,,
648,STOCK_LOW,HIGH,109,STOCK_LOW détectée pour produit 109.,2025-12-06T20:46:00,19,True,2025-12-09T04:46:00,
649,STOCK_UNTREATED,CRITICAL,113,STOCK_UNTREATED détectée pour produit 113.,2025-12-26T02:08:00,30,False,,
650,STOCK_UNTREATED,MEDIUM,2,STOCK_UNTREATED détectée pour produit 2.,2025-12-09T11:43:00,30,False,,
651,COLLECTION_FAILED,MEDIUM,98,COLLECTION_FAILED détectée pour produit 98.,2025-12-29T19:15:00,14,False,,
652,SALES_ANOMALY,MEDIUM,13,SALES_ANOMALY détectée pour produit 13.,2025-12-16T13:20:00,11,False,,
653,PRICE_TOO_HIGH,MEDIUM,55,PRICE_TOO_HIGH détectée pour produit 55.,2026-02-26T11:30:00,27,True,2026-02-26T20:30:00,
654,PROMO_OVERLAP,HIGH,100,PROMO_OVERLAP détectée pour produit 100.,2025-12-27T21:20:00,26,True,2025-12-30T03:20:00,
655,STOCK_UNTREATED,HIGH,30,STOCK_UNTREATED détectée pour produit 30.,2025-11-14T16:45:00,30,True,2025-11-15T08:45:00,
656,PROMO_BELOW_MIN,HIGH,184,PROMO_BELOW_MIN détectée pour produit 184.,2025-12-02T07:48:00,26,True,2025-12-03T19:48:00,
657,PRICE_TOO_LOW,MEDIUM,158,PRICE_TOO_LOW détectée pour produit 158.,2026-02-09T03:15:00,26,False,,
658,STOCK_OVER,MEDIUM,180,STOCK_OVER détectée pour produit 180.,2026-01-12T19:44:00,18,False,,
659,PROMO_BELOW_MIN,LOW,100,PROMO_BELOW_MIN détectée pour produit 100.,2025-11-21T16:28:00,12,False,,
660,PRICE_TOO_LOW,MEDIUM,22,PRICE_TOO_LOW détectée pour produit 22.,2025-12-27T01:43:00,26,True,2025-12-27T11:43:00,
661,COLLECTION_FAILED,MEDIUM,61,COLLECTION_FAILED détectée pour produit 61.,2026-02-08T00:17:00,14,True,2026-02-09T13:17:00,
662,PROMO_BELOW_MIN,MEDIUM,32,PROMO_BELOW_MIN détectée pour produit 32.,2026-01-04T06:47:00,12,True,2026-01-05T19:47:00,
663,PROMO_BELOW_MIN,LOW,155,PROMO_BELOW_MIN détectée pour produit 155.,2026-01-11T18:29:00,12,True,2026-01-12T20:29:00,
664,STOCK_LOW,LOW,18,STOCK_LOW détectée pour produit 18.,2026-01-29T16:53:00,18,True,2026-01-30T22:53:00,
665,STOCK_OVER,HIGH,198,STOCK_OVER détectée pour produit 198.,2026-01-08T21:23:00,11,False,,
666,PROMO_BELOW_MIN,HIGH,31,PROMO_BELOW_MIN détectée pour produit 31.,2026-01-02T04:53:00,12,False,,
667,PRICE_TOO_LOW,MEDIUM,137,PRICE_TOO_LOW détectée pour produit 137.,2025-12-20T16:50:00,2,True,2025-12-22T16:50:00,
668,PROMO_BELOW_MIN,CRITICAL,40,PROMO_BELOW_MIN détectée pour produit 40.,2025-12-19T09:09:00,12,True,2025-12-21T04:09:00,
669,PROMO_BELOW_MIN,MEDIUM,52,PROMO_BELOW_MIN détectée pour produit 52.,2025-11-14T22:30:00,27,True,2025-11-16T04:30:00,
670,PROMO_OVERLAP,LOW,44,PROMO_OVERLAP détectée pour produit 44.,2025-11-05T10:14:00,2,True,2025-11-06T22:14:00,
671,STOCK_LOW,LOW,153,STOCK_LOW détectée pour produit 153.,2026-02-25T10:10:00,18,False,,
672,SALES_ANOMALY,MEDIUM,160,SALES_ANOMALY détectée pour produit 160.,2026-01-26T18:01:00,5,True,2026-01-28T02:01:00,
673,STOCK_LOW,MEDIUM,107,STOCK_LOW détectée pour produit 107.,2025-11-27T03:54:00,24,False,,
674,SALES_ANOMALY,LOW,95,SALES_ANOMALY détectée pour produit 95.,2026-02-15T00:02:00,5,False,,
675,STOCK_UNTREATED,MEDIUM,184,STOCK_UNTREATED détectée pour produit 184.,2026-02-08T07:02:00,30,True,2026-02-08T13:02:00,
676,PRICE_TOO_LOW,MEDIUM,187,PRICE_TOO_LOW détectée pour produit 187.,2025-11-13T10:55:00,12,False,,
677,STOCK_OVER,LOW,186,STOCK_OVER détectée pour produit 186.,2025-12-09T04:35:00,5,True,2025-12-10T04:35:00,
678,PROMO_BELOW_MIN,MEDIUM,86,PROMO_BELOW_MIN détectée pour produit 86.,2026-02-01T17:21:00,2,True,2026-02-02T11:21:00,
679,PRICE_TOO_HIGH,MEDIUM,167,PRICE_TOO_HIGH détectée pour produit 167.,2026-01-30T17:48:00,27,True,2026-02-02T00:48:00,
680,STOCK_LOW,MEDIUM,11,STOCK_LOW détectée pour produit 11.,2025-11-09T18:00:00,10,True,2025-11-11T04:00:00,
681,STOCK_UNTREATED,MEDIUM,151,STOCK_UNTREATED détectée pour produit 151.,2025-12-07T04:23:00,30,True,2025-12-10T00:23:00,
682,PROMO_OVERLAP,LOW,175,PROMO_OVERLAP détectée pour produit 175.,2025-12-11T01:15:00,26,False,,
683,STOCK_OVER,HIGH,100,STOCK_OVER détectée pour produit 100.,2025-11-13T22:22:00,19,False,,
684,COLLECTION_FAILED,MEDIUM,69,COLLECTION_FAILED détectée pour produit 69.,2026-01-24T18:59:00,21,False,,
685,STOCK_OVER,MEDIUM,99,STOCK_OVER détectée pour produit 99.,2026-01-11T19:22:00,5,True,2026-01-13T20:22:00,
686,PRICE_TOO_HIGH,HIGH,124,PRICE_TOO_HIGH détectée pour produit 124.,2025-12-01T13:54:00,27,True,2025-12-03T20:54:00,
687,STOCK_LOW,LOW,176,STOCK_LOW détectée pour produit 176.,2025-12-25T06:15:00,10,True,2025-12-25T08:15:00,
688,PROMO_OVERLAP,LOW,159,PROMO_OVERLAP détectée pour produit 159.,2026-01-01T11:25:00,2,False,,
689,PROMO_BELOW_MIN,MEDIUM,6,PROMO_BELOW_MIN détectée pour produit 6.,2026-02-02T17:56:00,2,True,2026-02-04T16:56:00,
690,COLLECTION_FAILED,LOW,192,COLLECTION_FAILED détectée pour produit 192.,2025-11-16T20:02:00,17,True,2025-11-18T14:02:00,
691,STOCK_OVER,HIGH,57,STOCK_OVER détectée pour produit 57.,2026-01-29T04:17:00,5,True,2026-01-31T16:17:00,
692,STOCK_OVER,LOW,166,STOCK_OVER détectée pour produit 166.,2025-11-30T17:04:00,11,False,,
693,SALES_ANOMALY,HIGH,22,SALES_ANOMALY détectée pour produit 22.,2025-11-30T09:11:00,10,True,2025-12-02T23:11:00,
694,STOCK_UNTREATED,LOW,181,STOCK_UNTREATED détectée pour produit 181.,2026-02-16T18:41:00,30,True,2026-02-18T14:41:00,
695,STOCK_LOW,LOW,79,STOCK_LOW détectée pour produit 79.,2026-01-12T04:37:00,19,True,2026-01-14T19:37:00,
696,PROMO_BELOW_MIN,MEDIUM,96,PROMO_BELOW_MIN détectée pour produit 96.,2026-01-22T16:26:00,12,False,,
697,PROMO_OVERLAP,CRITICAL,141,PROMO_OVERLAP détectée pour produit 141.,2026-01-30T19:55:00,2,False,,
698,STOCK_LOW,LOW,113,STOCK_LOW détectée pour produit 113.,2026-01-29T07:18:00,19,False,,
699,PROMO_BELOW_MIN,MEDIUM,122,PROMO_BELOW_MIN détectée pour produit 122.,2026-02-11T17:49:00,12,False,,
700,SALES_ANOMALY,MEDIUM,60,SALES_ANOMALY détectée pour produit 60.,2026-02-05T18:39:00,5,True,2026-02-06T03:39:00,
701,STOCK_OVER,LOW,9,STOCK_OVER détectée pour produit 9.,2026-02-24T06:03:00,11,True,2026-02-25T03:03:00,
702,PROMO_OVERLAP,MEDIUM,52,PROMO_OVERLAP détectée pour produit 52.,2026-02-23T02:18:00,2,True,2026-02-23T22:18:00,
703,PRICE_TOO_HIGH,MEDIUM,115,PRICE_TOO_HIGH détectée pour produit 115.,2025-12-27T19:37:00,2,True,2025-12-28T09:37:00,
704,STOCK_UNTREATED,HIGH,47,STOCK_UNTREATED détectée pour produit 47.,2025-11-22T08:59:00,30,False,,
705,PROMO_BELOW_MIN,CRITICAL,89,PROMO_BELOW_MIN détectée pour produit 89.,2025-12-04T02:10:00,12,False,,
706,STOCK_LOW,LOW,97,STOCK_LOW détectée pour produit 97.,2026-01-15T13:21:00,18,False,,
707,STOCK_OVER,HIGH,102,STOCK_OVER détectée pour produit 102.,2025-11-16T09:07:00,24,False,,
708,STOCK_LOW,MEDIUM,105,STOCK_LOW détectée pour produit 105.,2025-12-24T13:27:00,24,False,,
709,STOCK_UNTREATED,HIGH,134,STOCK_UNTREATED détectée pour produit 134.,2025-12-11T20:30:00,30,False,,
710,PROMO_OVERLAP,CRITICAL,95,PROMO_OVERLAP détectée pour produit 95.,2026-01-13T21:28:00,26,False,,
711,STOCK_UNTREATED,HIGH,178,STOCK_UNTREATED détectée pour produit 178.,2026-02-18T17:45:00,30,False,,
712,PROMO_BELOW_MIN,LOW,179,PROMO_BELOW_MIN détectée pour produit 179.,2025-11-25T03:56:00,27,True,2025-11-26T20:56:00,
713,STOCK_OVER,CRITICAL,88,STOCK_OVER détectée pour produit 88.,2025-12-04T12:41:00,10,False,,
714,COLLECTION_FAILED,LOW,22,COLLECTION_FAILED détectée pour produit 22.,2025-12-26T20:43:00,14,False,,
715,PRICE_TOO_HIGH,MEDIUM,156,PRICE_TOO_HIGH détectée pour produit 156.,2025-12-30T14:52:00,12,True,2026-01-01T23:52:00,
716,PROMO_BELOW_MIN,LOW,191,PROMO_BELOW_MIN détectée pour produit 191.,2025-12-02T22:13:00,12,False,,
717,STOCK_UNTREATED,LOW,58,STOCK_UNTREATED détectée pour produit 58.,2026-02-04T08:17:00,30,False,,
718,PROMO_BELOW_MIN,MEDIUM,158,PROMO_BELOW_MIN détectée pour produit 158.,2026-02-20T02:27:00,27,True,2026-02-21T20:27:00,
719,STOCK_OVER,HIGH,73,STOCK_OVER détectée pour produit 73.,2025-12-02T00:41:00,19,True,2025-12-04T21:41:00,
720,STOCK_OVER,CRITICAL,16,STOCK_OVER détectée pour produit 16.,2026-01-30T12:13:00,11,False,,
721,PRICE_TOO_LOW,HIGH,102,PRICE_TOO_LOW détectée pour produit 102.,2026-02-10T14:31:00,26,True,2026-02-12T22:31:00,
722,STOCK_UNTREATED,HIGH,29,STOCK_UNTREATED détectée pour produit 29.,2026-01-04T07:36:00,30,True,2026-01-06T14:36:00,
723,COLLECTION_FAILED,MEDIUM,73,COLLECTION_FAILED détectée pour produit 73.,2025-11-02T16:43:00,14,True,2025-11-03T13:43:00,
724,SALES_ANOMALY,LOW,93,SALES_ANOMALY détectée pour produit 93.,2026-02-15T23:44:00,24,True,2026-02-17T09:44:00,
725,STOCK_LOW,HIGH,92,STOCK_LOW détectée pour produit 92.,2026-01-05T06:35:00,24,True,2026-01-06T21:35:00,
726,PROMO_OVERLAP,MEDIUM,35,PROMO_OVERLAP détectée pour produit 35.,2025-12-31T15:21:00,12,False,,
727,PROMO_OVERLAP,MEDIUM,193,PROMO_OVERLAP détectée pour produit 193.,2025-12-29T23:28:00,2,True,2025-12-30T04:28:00,
728,STOCK_LOW,MEDIUM,70,STOCK_LOW détectée pour produit 70.,2025-11-19T12:02:00,18,True,2025-11-21T17:02:00,
729,PRICE_TOO_HIGH,HIGH,51,PRICE_TOO_HIGH détectée pour produit 51.,2026-02-05T00:17:00,12,True,2026-02-07T08:17:00,
730,PROMO_OVERLAP,LOW,99,PROMO_OVERLAP détectée pour produit 99.,2025-12-31T20:44:00,2,False,,
731,COLLECTION_FAILED,LOW,110,COLLECTION_FAILED détectée pour produit 110.,2025-12-06T13:30:00,21,False,,
732,SALES_ANOMALY,MEDIUM,126,SALES_ANOMALY détectée pour produit 126.,2025-11-23T08:32:00,24,False,,
733,COLLECTION_FAILED,LOW,169,COLLECTION_FAILED détectée pour produit 169.,2026-01-29T14:53:00,17,True,2026-01-31T11:53:00,
734,SALES_ANOMALY,MEDIUM,166,SALES_ANOMALY détectée pour produit 166.,2025-12-27T21:21:00,19,False,,
735,PRICE_TOO_HIGH,LOW,179,PRICE_TOO_HIGH détectée pour produit 179.,2025-11-24T00:11:00,12,True,2025-11-25T23:11:00,
736,PROMO_OVERLAP,LOW,172,PROMO_OVERLAP détectée pour produit 172.,2025-11-12T04:36:00,27,True,2025-11-13T01:36:00,
737,PROMO_OVERLAP,HIGH,127,PROMO_OVERLAP détectée pour produit 127.,2026-01-09T01:05:00,2,True,2026-01-11T23:05:00,
738,STOCK_UNTREATED,MEDIUM,194,STOCK_UNTREATED détectée pour produit 194.,2026-02-10T23:51:00,30,True,2026-02-12T18:51:00,
739,PROMO_OVERLAP,HIGH,105,PROMO_OVERLAP détectée pour produit 105.,2026-01-12T20:10:00,26,True,2026-01-14T21:10:00,
740,STOCK_UNTREATED,MEDIUM,174,STOCK_UNTREATED détectée pour produit 174.,2026-02-01T15:18:00,30,True,2026-02-03T04:18:00,
741,PRICE_TOO_LOW,LOW,19,PRICE_TOO_LOW détectée pour produit 19.,2025-12-26T23:04:00,27,True,2025-12-27T02:04:00,
742,COLLECTION_FAILED,MEDIUM,21,COLLECTION_FAILED détectée pour produit 21.,2025-10-30T15:14:00,14,True,2025-10-31T18:14:00,
743,SALES_ANOMALY,LOW,170,SALES_ANOMALY détectée pour produit 170.,2025-11-23T19:59:00,24,True,2025-11-26T17:59:00,
744,STOCK_UNTREATED,CRITICAL,184,STOCK_UNTREATED détectée pour produit 184.,2025-12-18T23:52:00,30,True,2025-12-19T16:52:00,
745,STOCK_LOW,CRITICAL,39,STOCK_LOW détectée pour produit 39.,2025-12-11T18:46:00,10,False,,
746,STOCK_LOW,HIGH,190,STOCK_LOW détectée pour produit 190.,2026-02-14T04:55:00,10,True,2026-02-16T03:55:00,
747,COLLECTION_FAILED,MEDIUM,73,COLLECTION_FAILED détectée pour produit 73.,2026-02-10T21:41:00,17,True,2026-02-12T06:41:00,
748,SALES_ANOMALY,MEDIUM,123,SALES_ANOMALY détectée pour produit 123.,2026-02-08T04:39:00,19,False,,
749,PRICE_TOO_HIGH,LOW,66,PRICE_TOO_HIGH détectée pour produit 66.,2026-02-04T11:03:00,27,False,,
750,STOCK_UNTREATED,CRITICAL,157,STOCK_UNTREATED détectée pour produit 157.,2026-02-16T09:41:00,30,True,2026-02-18T03:41:00,
751,COLLECTION_FAILED,LOW,97,COLLECTION_FAILED détectée pour produit 97.,2025-11-26T16:03:00,21,False,,
752,COLLECTION_FAILED,LOW,50,COLLECTION_FAILED détectée pour produit 50.,2025-10-29T21:59:00,14,True,2025-10-30T05:59:00,
753,COLLECTION_FAILED,MEDIUM,146,COLLECTION_FAILED détectée pour produit 146.,2025-12-11T03:10:00,14,False,,
754,PRICE_TOO_HIGH,HIGH,2,PRICE_TOO_HIGH détectée pour produit 2.,2026-01-04T16:18:00,2,True,2026-01-05T23:18:00,
755,PROMO_BELOW_MIN,MEDIUM,103,PROMO_BELOW_MIN détectée pour produit 103.,2026-01-28T12:50:00,27,False,,
756,SALES_ANOMALY,MEDIUM,71,SALES_ANOMALY détectée pour produit 71.,2026-02-03T10:43:00,24,True,2026-02-04T15:43:00,
757,PROMO_BELOW_MIN,MEDIUM,34,PROMO_BELOW_MIN détectée pour produit 34.,2025-12-11T00:08:00,12,False,,
758,SALES_ANOMALY,MEDIUM,191,SALES_ANOMALY détectée pour produit 191.,2026-01-28T13:29:00,5,True,2026-01-28T14:29:00,
759,PRICE_TOO_HIGH,LOW,138,PRICE_TOO_HIGH détectée pour produit 138.,2025-11-15T14:16:00,26,True,2025-11-17T11:16:00,
760,PROMO_OVERLAP,LOW,23,PROMO_OVERLAP détectée pour produit 23.,2026-02-22T06:34:00,26,True,2026-02-24T06:34:00,
761,STOCK_LOW,MEDIUM,26,STOCK_LOW détectée pour produit 26.,2026-02-06T03:22:00,5,True,2026-02-07T22:22:00,
762,STOCK_UNTREATED,MEDIUM,164,STOCK_UNTREATED détectée pour produit 164.,2025-12-11T13:25:00,30,True,2025-12-11T21:25:00,
763,PRICE_TOO_LOW,MEDIUM,154,PRICE_TOO_LOW détectée pour produit 154.,2026-01-14T11:49:00,12,False,,
764,PRICE_TOO_LOW,MEDIUM,190,PRICE_TOO_LOW détectée pour produit 190.,2025-12-15T04:17:00,27,True,2025-12-16T03:17:00,
765,PRICE_TOO_LOW,MEDIUM,73,PRICE_TOO_LOW détectée pour produit 73.,2026-01-28T06:57:00,2,False,,
766,PRICE_TOO_LOW,MEDIUM,50,PRICE_TOO_LOW détectée pour produit 50.,2025-12-31T10:33:00,2,False,,
767,SALES_ANOMALY,LOW,131,SALES_ANOMALY détectée pour produit 131.,2026-01-28T02:41:00,10,True,2026-01-29T05:41:00,
768,SALES_ANOMALY,LOW,72,SALES_ANOMALY détectée pour produit 72.,2025-11-23T01:27:00,18,True,2025-11-24T20:27:00,
769,PRICE_TOO_LOW,HIGH,177,PRICE_TOO_LOW détectée pour produit 177.,2025-12-17T00:42:00,26,False,,
770,PROMO_BELOW_MIN,HIGH,19,PROMO_BELOW_MIN détectée pour produit 19.,2025-11-19T01:47:00,26,False,,
771,PROMO_OVERLAP,LOW,16,PROMO_OVERLAP détectée pour produit 16.,2026-02-10T02:06:00,2,False,,
772,PROMO_OVERLAP,HIGH,186,PROMO_OVERLAP détectée pour produit 186.,2026-02-22T07:17:00,26,True,2026-02-25T04:17:00,
773,STOCK_OVER,HIGH,63,STOCK_OVER détectée pour produit 63.,2026-02-04T01:17:00,24,True,2026-02-04T12:17:00,
774,STOCK_OVER,HIGH,63,STOCK_OVER détectée pour produit 63.,2025-12-05T21:24:00,24,False,,
775,PROMO_BELOW_MIN,MEDIUM,120,PROMO_BELOW_MIN détectée pour produit 120.,2026-01-11T18:16:00,27,False,,
776,PROMO_OVERLAP,MEDIUM,136,PROMO_OVERLAP détectée pour produit 136.,2025-12-19T14:30:00,26,False,,
777,PRICE_TOO_LOW,MEDIUM,152,PRICE_TOO_LOW détectée pour produit 152.,2025-11-06T11:25:00,12,False,,
778,COLLECTION_FAILED,HIGH,125,COLLECTION_FAILED détectée pour produit 125.,2025-11-29T03:50:00,14,True,2025-11-29T16:50:00,
779,STOCK_OVER,LOW,54,STOCK_OVER détectée pour produit 54.,2025-12-08T13:22:00,19,False,,
780,SALES_ANOMALY,LOW,188,SALES_ANOMALY détectée pour produit 188.,2025-11-23T18:16:00,5,True,2025-11-26T11:16:00,
781,PRICE_TOO_LOW,MEDIUM,74,PRICE_TOO_LOW détectée pour produit 74.,2026-01-05T10:16:00,2,False,,
782,SALES_ANOMALY,CRITICAL,183,SALES_ANOMALY détectée pour produit 183.,2026-02-15T06:50:00,18,True,2026-02-18T06:50:00,
783,PROMO_BELOW_MIN,CRITICAL,34,PROMO_BELOW_MIN détectée pour produit 34.,2025-12-05T08:04:00,26,True,2025-12-07T17:04:00,
784,PROMO_BELOW_MIN,CRITICAL,59,PROMO_BELOW_MIN détectée pour produit 59.,2025-11-13T21:20:00,2,True,2025-11-15T15:20:00,
785,STOCK_LOW,LOW,110,STOCK_LOW détectée pour produit 110.,2026-02-13T14:24:00,19,True,2026-02-15T04:24:00,
786,STOCK_OVER,LOW,94,STOCK_OVER détectée pour produit 94.,2025-12-04T19:53:00,11,True,2025-12-06T16:53:00,
787,STOCK_UNTREATED,HIGH,69,STOCK_UNTREATED détectée pour produit 69.,2026-02-23T22:33:00,30,True,2026-02-26T19:33:00,
788,COLLECTION_FAILED,LOW,135,COLLECTION_FAILED détectée pour produit 135.,2026-02-15T04:59:00,17,False,,
789,PRICE_TOO_LOW,MEDIUM,15,PRICE_TOO_LOW détectée pour produit 15.,2025-11-25T14:08:00,2,True,2025-11-26T22:08:00,
790,PRICE_TOO_LOW,HIGH,141,PRICE_TOO_LOW détectée pour produit 141.,2025-11-02T00:01:00,12,True,2025-11-04T05:01:00,
791,PRICE_TOO_HIGH,MEDIUM,195,PRICE_TOO_HIGH détectée pour produit 195.,2025-11-04T06:12:00,2,False,,
792,PROMO_OVERLAP,HIGH,70,PROMO_OVERLAP détectée pour produit 70.,2025-12-01T12:58:00,12,False,,
793,SALES_ANOMALY,MEDIUM,56,SALES_ANOMALY détectée pour produit 56.,2025-12-31T01:26:00,10,False,,
794,PRICE_TOO_LOW,HIGH,97,PRICE_TOO_LOW détectée pour produit 97.,2025-11-16T17:16:00,12,True,2025-11-18T13:16:00,
795,SALES_ANOMALY,HIGH,139,SALES_ANOMALY détectée pour produit 139.,2025-11-19T05:24:00,24,True,2025-11-20T08:24:00,
796,STOCK_OVER,LOW,9,STOCK_OVER détectée pour produit 9.,2025-12-13T23:56:00,11,False,,
797,SALES_ANOMALY,MEDIUM,139,SALES_ANOMALY détectée pour produit 139.,2025-12-02T23:57:00,5,True,2025-12-04T11:57:00,
798,STOCK_UNTREATED,MEDIUM,38,STOCK_UNTREATED détectée pour produit 38.,2025-11-19T10:57:00,30,False,,
799,STOCK_OVER,MEDIUM,18,STOCK_OVER détectée pour produit 18.,2026-01-14T21:25:00,10,True,2026-01-15T04:25:00,
800,PRICE_TOO_HIGH,MEDIUM,70,PRICE_TOO_HIGH détectée pour produit 70.,2026-01-28T15:31:00,2,False,,
801,SALES_ANOMALY,MEDIUM,55,SALES_ANOMALY détectée pour produit 55.,2026-02-15T10:09:00,5,True,2026-02-18T09:09:00,
802,STOCK_OVER,HIGH,170,STOCK_OVER détectée pour produit 170.,2025-10-31T06:34:00,19,True,2025-11-01T02:34:00,
803,PRICE_TOO_LOW,CRITICAL,78,PRICE_TOO_LOW détectée pour produit 78.,2025-12-18T04:27:00,26,True,2025-12-19T20:27:00,
804,PRICE_TOO_HIGH,MEDIUM,197,PRICE_TOO_HIGH détectée pour produit 197.,2025-12-15T05:25:00,12,True,2025-12-17T22:25:00,
805,PRICE_TOO_HIGH,LOW,16,PRICE_TOO_HIGH détectée pour produit 16.,2025-12-04T18:38:00,2,True,2025-12-05T06:38:00,
806,PRICE_TOO_LOW,MEDIUM,155,PRICE_TOO_LOW détectée pour produit 155.,2025-12-27T09:06:00,26,True,2025-12-29T23:06:00,
807,STOCK_UNTREATED,LOW,195,STOCK_UNTREATED détectée pour produit 195.,2025-12-28T04:44:00,30,False,,
808,PRICE_TOO_LOW,MEDIUM,7,PRICE_TOO_LOW détectée pour produit 7.,2025-12-14T23:08:00,26,True,2025-12-15T07:08:00,
809,PRICE_TOO_LOW,HIGH,93,PRICE_TOO_LOW détectée pour produit 93.,2026-01-02T12:37:00,27,False,,
810,PROMO_OVERLAP,HIGH,29,PROMO_OVERLAP détectée pour produit 29.,2025-11-12T08:54:00,12,True,2025-11-13T00:54:00,
811,PROMO_BELOW_MIN,MEDIUM,50,PROMO_BELOW_MIN détectée pour produit 50.,2025-12-03T23:58:00,2,False,,
812,PROMO_BELOW_MIN,MEDIUM,94,PROMO_BELOW_MIN détectée pour produit 94.,2025-11-29T19:29:00,27,False,,
813,PROMO_OVERLAP,MEDIUM,44,PROMO_OVERLAP détectée pour produit 44.,2026-02-10T11:19:00,26,True,2026-02-11T04:19:00,
814,PRICE_TOO_HIGH,MEDIUM,125,PRICE_TOO_HIGH détectée pour produit 125.,2025-12-28T19:46:00,2,False,,
815,PROMO_OVERLAP,LOW,98,PROMO_OVERLAP détectée pour produit 98.,2025-12-03T19:54:00,12,False,,
816,PROMO_BELOW_MIN,MEDIUM,77,PROMO_BELOW_MIN détectée pour produit 77.,2025-10-30T23:19:00,27,False,,
817,COLLECTION_FAILED,MEDIUM,173,COLLECTION_FAILED détectée pour produit 173.,2026-01-30T06:10:00,17,True,2026-02-02T03:10:00,
818,PRICE_TOO_HIGH,CRITICAL,171,PRICE_TOO_HIGH détectée pour produit 171.,2025-11-15T04:40:00,27,True,2025-11-17T08:40:00,
819,COLLECTION_FAILED,HIGH,5,COLLECTION_FAILED détectée pour produit 5.,2025-12-21T04:59:00,17,False,,
820,STOCK_UNTREATED,LOW,39,STOCK_UNTREATED détectée pour produit 39.,2025-11-10T14:18:00,30,False,,
821,PRICE_TOO_LOW,LOW,196,PRICE_TOO_LOW détectée pour produit 196.,2026-02-11T01:40:00,2,True,2026-02-11T02:40:00,
822,STOCK_LOW,HIGH,116,STOCK_LOW détectée pour produit 116.,2025-10-29T00:38:00,24,False,,
823,COLLECTION_FAILED,LOW,106,COLLECTION_FAILED détectée pour produit 106.,2025-12-18T14:51:00,14,True,2025-12-21T02:51:00,
824,COLLECTION_FAILED,MEDIUM,92,COLLECTION_FAILED détectée pour produit 92.,2026-01-27T16:06:00,21,False,,
825,SALES_ANOMALY,LOW,187,SALES_ANOMALY détectée pour produit 187.,2026-01-06T14:16:00,11,False,,
826,PROMO_BELOW_MIN,HIGH,14,PROMO_BELOW_MIN détectée pour produit 14.,2025-11-03T21:03:00,12,True,2025-11-05T17:03:00,
827,STOCK_LOW,LOW,197,STOCK_LOW détectée pour produit 197.,2025-11-20T14:31:00,19,True,2025-11-21T21:31:00,
828,PROMO_OVERLAP,LOW,151,PROMO_OVERLAP détectée pour produit 151.,2025-11-14T19:18:00,12,False,,
829,STOCK_UNTREATED,LOW,104,STOCK_UNTREATED détectée pour produit 104.,2026-01-02T15:35:00,30,False,,
830,PRICE_TOO_HIGH,HIGH,150,PRICE_TOO_HIGH détectée pour produit 150.,2025-12-08T05:02:00,26,True,2025-12-11T05:02:00,
831,STOCK_LOW,LOW,68,STOCK_LOW détectée pour produit 68.,2025-12-04T04:09:00,19,True,2025-12-04T15:09:00,
832,STOCK_UNTREATED,CRITICAL,124,STOCK_UNTREATED détectée pour produit 124.,2025-11-02T10:55:00,30,True,2025-11-02T11:55:00,
833,SALES_ANOMALY,HIGH,41,SALES_ANOMALY détectée pour produit 41.,2025-11-03T07:13:00,18,False,,
834,STOCK_UNTREATED,MEDIUM,163,STOCK_UNTREATED détectée pour produit 163.,2025-12-22T10:16:00,30,True,2025-12-23T00:16:00,
835,PROMO_OVERLAP,MEDIUM,34,PROMO_OVERLAP détectée pour produit 34.,2025-12-31T09:38:00,2,False,,
836,PRICE_TOO_HIGH,LOW,134,PRICE_TOO_HIGH détectée pour produit 134.,2025-12-22T18:10:00,2,True,2025-12-25T11:10:00,
837,PRICE_TOO_HIGH,MEDIUM,116,PRICE_TOO_HIGH détectée pour produit 116.,2025-12-13T23:18:00,26,True,2025-12-15T00:18:00,
838,STOCK_OVER,MEDIUM,127,STOCK_OVER détectée pour produit 127.,2025-11-23T16:27:00,11,True,2025-11-25T08:27:00,
839,PRICE_TOO_LOW,HIGH,42,PRICE_TOO_LOW détectée pour produit 42.,2025-12-25T11:26:00,2,True,2025-12-27T12:26:00,
840,PRICE_TOO_HIGH,HIGH,183,PRICE_TOO_HIGH détectée pour produit 183.,2026-02-14T19:18:00,27,True,2026-02-14T20:18:00,
841,STOCK_UNTREATED,LOW,130,STOCK_UNTREATED détectée pour produit 130.,2025-11-16T10:25:00,30,True,2025-11-18T05:25:00,
842,PRICE_TOO_HIGH,LOW,41,PRICE_TOO_HIGH détectée pour produit 41.,2025-11-17T02:36:00,26,False,,
843,PRICE_TOO_HIGH,LOW,86,PRICE_TOO_HIGH détectée pour produit 86.,2025-11-01T01:18:00,27,True,2025-11-03T22:18:00,
844,PROMO_BELOW_MIN,MEDIUM,190,PROMO_BELOW_MIN détectée pour produit 190.,2025-11-29T23:26:00,2,False,,
845,PROMO_OVERLAP,LOW,104,PROMO_OVERLAP détectée pour produit 104.,2025-12-10T21:18:00,12,True,2025-12-12T17:18:00,
846,STOCK_UNTREATED,MEDIUM,23,STOCK_UNTREATED détectée pour produit 23.,2025-12-26T05:18:00,30,True,2025-12-26T23:18:00,
847,PROMO_OVERLAP,CRITICAL,145,PROMO_OVERLAP détectée pour produit 145.,2026-02-18T06:07:00,26,True,2026-02-20T15:07:00,
848,PROMO_BELOW_MIN,LOW,99,PROMO_BELOW_MIN détectée pour produit 99.,2026-01-09T19:31:00,27,True,2026-01-09T22:31:00,
849,STOCK_UNTREATED,LOW,163,STOCK_UNTREATED détectée pour produit 163.,2025-11-19T05:47:00,30,False,,
850,PROMO_OVERLAP,CRITICAL,37,PROMO_OVERLAP détectée pour produit 37.,2025-11-06T10:09:00,12,True,2025-11-07T19:09:00,
851,PROMO_OVERLAP,MEDIUM,23,PROMO_OVERLAP détectée pour produit 23.,2026-02-13T06:17:00,12,True,2026-02-15T02:17:00,
852,COLLECTION_FAILED,HIGH,37,COLLECTION_FAILED détectée pour produit 37.,2025-12-07T11:39:00,21,True,2025-12-10T07:39:00,
853,PRICE_TOO_HIGH,MEDIUM,143,PRICE_TOO_HIGH détectée pour produit 143.,2025-12-30T10:18:00,26,True,2026-01-01T08:18:00,
854,STOCK_LOW,MEDIUM,147,STOCK_LOW détectée pour produit 147.,2025-11-23T17:57:00,19,True,2025-11-25T13:57:00,
855,PROMO_BELOW_MIN,HIGH,144,PROMO_BELOW_MIN détectée pour produit 144.,2025-11-24T06:14:00,12,True,2025-11-24T20:14:00,
856,STOCK_UNTREATED,LOW,26,STOCK_UNTREATED détectée pour produit 26.,2025-12-21T14:43:00,30,True,2025-12-23T07:43:00,
857,PRICE_TOO_LOW,LOW,188,PRICE_TOO_LOW détectée pour produit 188.,2026-02-22T07:53:00,2,True,2026-02-22T21:53:00,
858,STOCK_LOW,CRITICAL,101,STOCK_LOW détectée pour produit 101.,2026-01-01T18:39:00,10,False,,
859,SALES_ANOMALY,MEDIUM,51,SALES_ANOMALY détectée pour produit 51.,2026-02-17T01:27:00,5,False,,
860,SALES_ANOMALY,HIGH,89,SALES_ANOMALY détectée pour produit 89.,2025-11-25T10:51:00,19,True,2025-11-28T00:51:00,
861,SALES_ANOMALY,MEDIUM,172,SALES_ANOMALY détectée pour produit 172.,2025-11-18T23:47:00,10,False,,
862,PRICE_TOO_HIGH,MEDIUM,173,PRICE_TOO_HIGH détectée pour produit 173.,2025-11-20T15:16:00,12,True,2025-11-22T16:16:00,
863,PROMO_OVERLAP,MEDIUM,94,PROMO_OVERLAP détectée pour produit 94.,2025-11-22T23:53:00,2,False,,
864,STOCK_UNTREATED,MEDIUM,64,STOCK_UNTREATED détectée pour produit 64.,2026-01-10T15:37:00,30,True,2026-01-11T13:37:00,
865,PROMO_BELOW_MIN,MEDIUM,144,PROMO_BELOW_MIN détectée pour produit 144.,2026-02-23T05:47:00,2,True,2026-02-23T07:47:00,
866,PROMO_BELOW_MIN,LOW,82,PROMO_BELOW_MIN détectée pour produit 82.,2025-11-26T07:20:00,26,True,2025-11-26T13:20:00,
867,SALES_ANOMALY,HIGH,197,SALES_ANOMALY détectée pour produit 197.,2025-12-29T15:45:00,19,False,,
868,COLLECTION_FAILED,LOW,153,COLLECTION_FAILED détectée pour produit 153.,2026-02-10T11:40:00,14,True,2026-02-11T13:40:00,
869,STOCK_LOW,LOW,150,STOCK_LOW détectée pour produit 150.,2025-12-10T19:13:00,24,False,,
870,STOCK_UNTREATED,MEDIUM,163,STOCK_UNTREATED détectée pour produit 163.,2025-11-29T15:55:00,30,True,2025-12-02T13:55:00,
871,STOCK_UNTREATED,MEDIUM,73,STOCK_UNTREATED détectée pour produit 73.,2025-11-23T05:25:00,30,True,2025-11-25T05:25:00,
872,PRICE_TOO_HIGH,HIGH,31,PRICE_TOO_HIGH détectée pour produit 31.,2025-11-13T18:23:00,12,False,,
873,STOCK_OVER,MEDIUM,105,STOCK_OVER détectée pour produit 105.,2026-01-04T05:17:00,19,True,2026-01-06T10:17:00,
874,STOCK_UNTREATED,MEDIUM,66,STOCK_UNTREATED détectée pour produit 66.,2026-02-25T13:19:00,30,True,2026-02-25T19:19:00,
875,PRICE_TOO_HIGH,MEDIUM,169,PRICE_TOO_HIGH détectée pour produit 169.,2025-10-31T05:45:00,12,True,2025-10-31T20:45:00,
876,PROMO_BELOW_MIN,LOW,130,PROMO_BELOW_MIN détectée pour produit 130.,2026-01-18T11:20:00,27,False,,
877,PROMO_BELOW_MIN,MEDIUM,38,PROMO_BELOW_MIN détectée pour produit 38.,2025-12-31T19:08:00,26,True,2026-01-01T05:08:00,
878,STOCK_OVER,LOW,45,STOCK_OVER détectée pour produit 45.,2025-12-03T21:33:00,18,True,2025-12-06T05:33:00,
879,PROMO_OVERLAP,MEDIUM,88,PROMO_OVERLAP détectée pour produit 88.,2026-01-14T06:23:00,26,False,,
880,PRICE_TOO_HIGH,LOW,191,PRICE_TOO_HIGH détectée pour produit 191.,2025-11-22T11:24:00,12,True,2025-11-22T22:24:00,
881,PRICE_TOO_LOW,CRITICAL,58,PRICE_TOO_LOW détectée pour produit 58.,2026-01-25T22:00:00,27,True,2026-01-28T18:00:00,
882,COLLECTION_FAILED,LOW,20,COLLECTION_FAILED détectée pour produit 20.,2026-02-05T17:20:00,21,True,2026-02-06T10:20:00,
883,COLLECTION_FAILED,LOW,116,COLLECTION_FAILED détectée pour produit 116.,2025-11-10T00:12:00,17,False,,
884,PROMO_BELOW_MIN,LOW,8,PROMO_BELOW_MIN détectée pour produit 8.,2025-11-10T02:27:00,2,False,,
885,SALES_ANOMALY,MEDIUM,1,SALES_ANOMALY détectée pour produit 1.,2025-12-17T07:16:00,24,False,,
886,PROMO_BELOW_MIN,HIGH,76,PROMO_BELOW_MIN détectée pour produit 76.,2025-11-28T02:42:00,12,False,,
887,SALES_ANOMALY,LOW,178,SALES_ANOMALY détectée pour produit 178.,2025-12-15T04:51:00,11,True,2025-12-16T14:51:00,
888,STOCK_LOW,HIGH,61,STOCK_LOW détectée pour produit 61.,2025-12-22T10:55:00,10,False,,
889,PRICE_TOO_HIGH,MEDIUM,47,PRICE_TOO_HIGH détectée pour produit 47.,2026-01-16T10:12:00,12,True,2026-01-17T22:12:00,
890,COLLECTION_FAILED,LOW,56,COLLECTION_FAILED détectée pour produit 56.,2025-12-27T21:16:00,17,False,,
891,PRICE_TOO_LOW,LOW,33,PRICE_TOO_LOW détectée pour produit 33.,2025-12-15T15:11:00,26,True,2025-12-16T04:11:00,
892,PRICE_TOO_LOW,MEDIUM,120,PRICE_TOO_LOW détectée pour produit 120.,2025-11-25T08:09:00,12,False,,
893,PRICE_TOO_LOW,MEDIUM,91,PRICE_TOO_LOW détectée pour produit 91.,2026-02-12T13:33:00,2,True,2026-02-13T09:33:00,
894,STOCK_LOW,MEDIUM,43,STOCK_LOW détectée pour produit 43.,2025-12-02T06:54:00,10,True,2025-12-03T07:54:00,
895,STOCK_OVER,LOW,186,STOCK_OVER détectée pour produit 186.,2026-01-28T17:22:00,24,False,,
896,STOCK_OVER,HIGH,78,STOCK_OVER détectée pour produit 78.,2026-01-09T18:30:00,5,False,,
897,PROMO_BELOW_MIN,LOW,1,PROMO_BELOW_MIN détectée pour produit 1.,2026-02-19T03:04:00,27,False,,
898,PRICE_TOO_LOW,HIGH,118,PRICE_TOO_LOW détectée pour produit 118.,2026-02-23T08:21:00,12,False,,
899,PROMO_OVERLAP,HIGH,144,PROMO_OVERLAP détectée pour produit 144.,2026-01-01T23:52:00,27,True,2026-01-04T13:52:00,
900,STOCK_LOW,HIGH,164,STOCK_LOW détectée pour produit 164.,2026-01-06T08:37:00,18,False,,
