recommendation_id,product_id,created_at,direction,recommended_price,explanation,estimated_margin_impact,status,decided_by_user_id
1,33,2025-12-26T04:00:00,DECREASE,365.9,Demande élevée et faible stock; hausse conseillée.,4513.97,ACCEPTED,26
2,57,2025-12-08T06:00:00,DECREASE,833.54,Prix concurrent plus bas détecté; ajustement recommandé.,-1593.86,ACCEPTED,2
3,124,2025-12-18T01:00:00,INCREASE,519.33,Prix concurrent plus bas détecté; ajustement recommandé.,-870.31,ACCEPTED,27
4,36,2025-11-26T00:00:00,HOLD,700.19,Demande élevée et faible stock; hausse conseillée.,1145.7,ACCEPTED,30
5,41,2026-02-13T16:00:00,INCREASE,873.93,Phase d'observation: maintien du prix.,-3570.64,ACCEPTED,12
6,121,2025-11-30T05:00:00,INCREASE,208.42,Demande élevée et faible stock; hausse conseillée.,7154.86,REJECTED,2
7,160,2025-11-08T10:00:00,INCREASE,986.66,Demande élevée et faible stock; hausse conseillée.,7542.48,PENDING,
8,171,2025-12-05T22:00:00,DECREASE,534.7,Écart important vs moyenne concurrence; correction.,4228.65,PENDING,
9,34,2025-11-17T03:00:00,HOLD,251.49,Phase d'observation: maintien du prix.,2162.88,ACCEPTED,27
10,135,2025-12-13T21:00:00,DECREASE,704.32,Demande élevée et faible stock; hausse conseillée.,739.81,ACCEPTED,30
11,40,2026-01-03T23:00:00,DECREASE,34.93,Rotation faible; baisse pour relancer les ventes.,3196.5,PENDING,
12,189,2025-11-15T23:00:00,INCREASE,755.27,Demande élevée et faible stock; hausse conseillée.,4502.36,REJECTED,2
13,113,2026-02-14T17:00:00,HOLD,1034.45,Écart important vs moyenne concurrence; correction.,5125.85,PENDING,
14,34,2026-01-02T22:00:00,DECREASE,246.04,Demande élevée et faible stock; hausse conseillée.,8307.45,ACCEPTED,26
15,133,2025-12-05T06:00:00,HOLD,697.88,Rotation faible; baisse pour relancer les ventes.,1611.63,ACCEPTED,30
16,147,2026-01-20T04:00:00,DECREASE,617.18,Rotation faible; baisse pour relancer les ventes.,-2432.79,PENDING,
17,3,2026-01-16T07:00:00,HOLD,976.66,Écart important vs moyenne concurrence; correction.,10765.05,PENDING,
18,91,2026-01-07T22:00:00,INCREASE,1099.28,Prix concurrent plus bas détecté; ajustement recommandé.,9466.07,ACCEPTED,26
19,183,2025-12-27T02:00:00,DECREASE,917.38,Rotation faible; baisse pour relancer les ventes.,6596.82,ACCEPTED,2
20,92,2026-02-01T05:00:00,INCREASE,283.11,Demande élevée et faible stock; hausse conseillée.,1031.14,ACCEPTED,27
21,103,2025-11-08T15:00:00,INCREASE,268.71,Écart important vs moyenne concurrence; correction.,7736.02,PENDING,
22,12,2025-11-24T21:00:00,HOLD,185.3,Prix concurrent plus bas détecté; ajustement recommandé.,-2313.85,REJECTED,26
23,164,2026-01-12T23:00:00,HOLD,938.96,Phase d'observation: maintien du prix.,8425.62,PENDING,
24,28,2025-11-25T02:00:00,DECREASE,460.53,Demande élevée et faible stock; hausse conseillée.,-169.42,ACCEPTED,30
25,147,2025-12-02T02:00:00,HOLD,662.91,Rotation faible; baisse pour relancer les ventes.,905.15,PENDING,
26,43,2026-02-15T08:00:00,DECREASE,518.36,Écart important vs moyenne concurrence; correction.,11294.76,PENDING,
27,38,2026-01-03T14:00:00,INCREASE,443.08,Écart important vs moyenne concurrence; correction.,650.57,PENDING,
28,146,2026-01-25T04:00:00,INCREASE,686.53,Rotation faible; baisse pour relancer les ventes.,2601.01,REJECTED,12
29,89,2026-02-05T17:00:00,DECREASE,711.34,Demande élevée et faible stock; hausse conseillée.,4632.3,PENDING,
30,200,2025-11-10T16:00:00,INCREASE,482.7,Écart important vs moyenne concurrence; correction.,1654.22,ACCEPTED,2
31,37,2025-12-18T14:00:00,DECREASE,354.98,Rotation faible; baisse pour relancer les ventes.,3294.97,ACCEPTED,30
32,5,2025-12-06T04:00:00,INCREASE,530.08,Prix concurrent plus bas détecté; ajustement recommandé.,10125.92,REJECTED,26
33,3,2025-11-21T13:00:00,INCREASE,1099.25,Prix concurrent plus bas détecté; ajustement recommandé.,7243.97,ACCEPTED,12
34,193,2025-11-28T15:00:00,DECREASE,704.08,Demande élevée et faible stock; hausse conseillée.,-3080.74,ACCEPTED,30
35,36,2025-12-21T20:00:00,DECREASE,630.77,Prix concurrent plus bas détecté; ajustement recommandé.,2925.64,PENDING,
36,43,2025-12-16T07:00:00,HOLD,525.87,Rotation faible; baisse pour relancer les ventes.,2670.77,REJECTED,30
37,108,2026-02-23T13:00:00,INCREASE,585.47,Demande élevée et faible stock; hausse conseillée.,1135.08,ACCEPTED,27
38,88,2026-01-16T04:00:00,HOLD,532.96,Écart important vs moyenne concurrence; correction.,7767.34,PENDING,
39,98,2026-01-05T22:00:00,HOLD,894.72,Demande élevée et faible stock; hausse conseillée.,-4435.7,ACCEPTED,27
40,71,2025-11-01T13:00:00,HOLD,1005.22,Demande élevée et faible stock; hausse conseillée.,522.17,PENDING,
41,35,2026-02-13T14:00:00,DECREASE,964.4,Prix concurrent plus bas détecté; ajustement recommandé.,-1738.04,ACCEPTED,26
42,69,2026-01-16T03:00:00,DECREASE,527.96,Écart important vs moyenne concurrence; correction.,10124.56,REJECTED,27
43,84,2025-11-12T11:00:00,INCREASE,255.7,Demande élevée et faible stock; hausse conseillée.,-3008.2,PENDING,
44,166,2025-12-14T20:00:00,DECREASE,173.11,Écart important vs moyenne concurrence; correction.,1539.68,ACCEPTED,27
45,115,2026-01-17T01:00:00,DECREASE,894.26,Prix concurrent plus bas détecté; ajustement recommandé.,-788.46,PENDING,
46,137,2025-11-12T21:00:00,INCREASE,401.62,Demande élevée et faible stock; hausse conseillée.,10657.38,ACCEPTED,12
47,100,2026-01-20T04:00:00,DECREASE,424.54,Rotation faible; baisse pour relancer les ventes.,11129.4,ACCEPTED,27
48,157,2025-12-22T04:00:00,INCREASE,1039.63,Prix concurrent plus bas détecté; ajustement recommandé.,10230.81,PENDING,
49,142,2025-11-25T03:00:00,INCREASE,272.2,Prix concurrent plus bas détecté; ajustement recommandé.,-180.76,REJECTED,27
50,58,2026-02-19T18:00:00,INCREASE,1136.33,Demande élevée et faible stock; hausse conseillée.,8806.95,PENDING,
51,22,2026-02-02T14:00:00,INCREASE,546.15,Phase d'observation: maintien du prix.,-521.13,REJECTED,2
52,96,2025-12-20T09:00:00,DECREASE,107.29,Prix concurrent plus bas détecté; ajustement recommandé.,-3826.04,ACCEPTED,12
53,61,2025-11-30T17:00:00,INCREASE,954.34,Rotation faible; baisse pour relancer les ventes.,2940.47,PENDING,
54,28,2025-12-12T13:00:00,HOLD,521.74,Prix concurrent plus bas détecté; ajustement recommandé.,3147.78,PENDING,
55,54,2025-11-12T17:00:00,HOLD,174.92,Rotation faible; baisse pour relancer les ventes.,7881.43,ACCEPTED,27
56,74,2026-01-02T07:00:00,INCREASE,376.29,Demande élevée et faible stock; hausse conseillée.,3611.86,ACCEPTED,2
57,95,2025-12-31T18:00:00,INCREASE,357.95,Demande élevée et faible stock; hausse conseillée.,-4363.2,REJECTED,12
58,145,2025-11-16T06:00:00,HOLD,555.98,Phase d'observation: maintien du prix.,6261.71,PENDING,
59,39,2026-01-02T12:00:00,DECREASE,993.07,Écart important vs moyenne concurrence; correction.,4622.65,PENDING,
60,52,2025-11-15T23:00:00,INCREASE,530.49,Écart important vs moyenne concurrence; correction.,-1660.07,ACCEPTED,2
61,126,2026-02-10T03:00:00,INCREASE,356.35,Demande élevée et faible stock; hausse conseillée.,10530.47,PENDING,
62,45,2025-12-23T17:00:00,INCREASE,46.65,Écart important vs moyenne concurrence; correction.,11161.0,REJECTED,30
63,75,2025-12-28T20:00:00,HOLD,741.61,Rotation faible; baisse pour relancer les ventes.,5163.69,PENDING,
64,109,2025-12-05T06:00:00,HOLD,395.79,Prix concurrent plus bas détecté; ajustement recommandé.,6910.86,PENDING,
65,117,2025-11-16T20:00:00,INCREASE,794.24,Rotation faible; baisse pour relancer les ventes.,-4885.12,ACCEPTED,12
66,147,2026-01-03T04:00:00,INCREASE,768.55,Rotation faible; baisse pour relancer les ventes.,5637.28,ACCEPTED,27
67,180,2025-12-18T18:00:00,INCREASE,482.49,Rotation faible; baisse pour relancer les ventes.,-4465.94,ACCEPTED,12
68,188,2025-12-24T09:00:00,HOLD,81.59,Demande élevée et faible stock; hausse conseillée.,5945.36,REJECTED,2
69,88,2026-02-04T09:00:00,INCREASE,625.21,Demande élevée et faible stock; hausse conseillée.,9040.68,ACCEPTED,12
70,100,2025-11-12T23:00:00,HOLD,441.5,Rotation faible; baisse pour relancer les ventes.,-3384.81,ACCEPTED,26
71,141,2026-01-02T16:00:00,INCREASE,851.18,Prix concurrent plus bas détecté; ajustement recommandé.,7638.34,ACCEPTED,12
72,52,2025-11-06T02:00:00,HOLD,510.58,Demande élevée et faible stock; hausse conseillée.,-2195.81,REJECTED,12
73,52,2026-02-24T10:00:00,DECREASE,493.93,Rotation faible; baisse pour relancer les ventes.,2928.24,PENDING,
74,128,2026-01-23T10:00:00,DECREASE,686.44,Prix concurrent plus bas détecté; ajustement recommandé.,52.92,PENDING,
75,91,2025-11-13T13:00:00,HOLD,989.13,Rotation faible; baisse pour relancer les ventes.,-3623.5,PENDING,
76,38,2025-12-22T18:00:00,DECREASE,393.1,Prix concurrent plus bas détecté; ajustement recommandé.,5150.73,PENDING,
77,16,2025-12-04T11:00:00,INCREASE,214.24,Rotation faible; baisse pour relancer les ventes.,11860.18,PENDING,
78,13,2026-01-27T17:00:00,DECREASE,765.01,Demande élevée et faible stock; hausse conseillée.,5069.17,PENDING,
79,90,2025-12-02T10:00:00,HOLD,566.13,Prix concurrent plus bas détecté; ajustement recommandé.,-4513.21,ACCEPTED,12
80,102,2025-11-03T10:00:00,HOLD,1056.71,Prix concurrent plus bas détecté; ajustement recommandé.,10222.97,ACCEPTED,30
81,102,2026-02-04T23:00:00,DECREASE,1025.61,Écart important vs moyenne concurrence; correction.,-4865.08,ACCEPTED,30
82,116,2025-11-16T03:00:00,HOLD,613.69,Écart important vs moyenne concurrence; correction.,44.4,ACCEPTED,2
83,96,2025-11-29T08:00:00,DECREASE,107.29,Écart important vs moyenne concurrence; correction.,10650.49,REJECTED,27
84,90,2026-01-19T16:00:00,HOLD,566.32,Prix concurrent plus bas détecté; ajustement recommandé.,5741.91,PENDING,
85,172,2026-01-01T22:00:00,DECREASE,689.0,Demande élevée et faible stock; hausse conseillée.,-3642.59,PENDING,
86,151,2025-10-30T11:00:00,INCREASE,253.0,Phase d'observation: maintien du prix.,10505.78,PENDING,
87,52,2026-02-19T15:00:00,INCREASE,573.98,Écart important vs moyenne concurrence; correction.,7585.2,PENDING,
88,20,2026-02-25T20:00:00,DECREASE,644.94,Phase d'observation: maintien du prix.,-425.64,PENDING,
89,98,2025-11-13T03:00:00,DECREASE,750.05,Phase d'observation: maintien du prix.,3010.42,ACCEPTED,26
90,72,2026-02-22T21:00:00,INCREASE,1306.15,Rotation faible; baisse pour relancer les ventes.,1974.82,PENDING,
91,145,2025-12-09T21:00:00,INCREASE,645.56,Prix concurrent plus bas détecté; ajustement recommandé.,-4516.29,PENDING,
92,17,2025-11-17T20:00:00,HOLD,70.03,Écart important vs moyenne concurrence; correction.,9581.0,REJECTED,12
93,10,2026-02-07T13:00:00,HOLD,299.32,Phase d'observation: maintien du prix.,-2024.85,PENDING,
94,60,2025-11-15T13:00:00,DECREASE,477.64,Phase d'observation: maintien du prix.,5768.91,PENDING,
95,149,2025-12-07T13:00:00,INCREASE,132.11,Prix concurrent plus bas détecté; ajustement recommandé.,-327.32,PENDING,
96,100,2026-01-17T08:00:00,HOLD,441.9,Prix concurrent plus bas détecté; ajustement recommandé.,-2981.57,PENDING,
97,29,2026-02-10T20:00:00,HOLD,198.64,Demande élevée et faible stock; hausse conseillée.,-2692.72,PENDING,
98,39,2026-02-24T05:00:00,INCREASE,1380.37,Prix concurrent plus bas détecté; ajustement recommandé.,262.97,PENDING,
99,36,2025-12-09T12:00:00,INCREASE,729.16,Phase d'observation: maintien du prix.,-3783.04,PENDING,
100,122,2026-02-14T02:00:00,DECREASE,923.0,Écart important vs moyenne concurrence; correction.,11429.87,PENDING,
101,143,2026-02-10T22:00:00,DECREASE,756.63,Rotation faible; baisse pour relancer les ventes.,1545.4,ACCEPTED,27
102,10,2026-02-05T12:00:00,INCREASE,351.39,Phase d'observation: maintien du prix.,1090.54,PENDING,
103,161,2026-01-09T22:00:00,HOLD,134.62,Écart important vs moyenne concurrence; correction.,191.76,PENDING,
104,103,2025-12-08T22:00:00,HOLD,232.51,Écart important vs moyenne concurrence; correction.,2695.68,ACCEPTED,30
105,119,2025-11-12T15:00:00,DECREASE,276.47,Phase d'observation: maintien du prix.,4946.17,PENDING,
106,123,2026-01-30T10:00:00,HOLD,117.53,Phase d'observation: maintien du prix.,-2144.35,PENDING,
107,31,2025-11-09T21:00:00,DECREASE,1064.56,Écart important vs moyenne concurrence; correction.,1634.02,ACCEPTED,2
108,153,2026-02-04T04:00:00,INCREASE,716.17,Prix concurrent plus bas détecté; ajustement recommandé.,3516.28,PENDING,
109,172,2026-02-03T03:00:00,HOLD,809.08,Phase d'observation: maintien du prix.,1563.61,PENDING,
110,8,2025-12-22T12:00:00,HOLD,273.23,Prix concurrent plus bas détecté; ajustement recommandé.,-969.67,PENDING,
111,174,2025-11-22T08:00:00,DECREASE,310.39,Rotation faible; baisse pour relancer les ventes.,2663.98,PENDING,
112,80,2025-11-18T17:00:00,DECREASE,982.14,Prix concurrent plus bas détecté; ajustement recommandé.,2241.88,PENDING,
113,124,2025-12-24T06:00:00,DECREASE,391.39,Rotation faible; baisse pour relancer les ventes.,-2752.02,ACCEPTED,2
114,120,2025-12-12T12:00:00,DECREASE,693.48,Rotation faible; baisse pour relancer les ventes.,4376.72,ACCEPTED,12
115,182,2026-01-09T19:00:00,INCREASE,1175.23,Phase d'observation: maintien du prix.,1836.82,PENDING,
116,117,2025-11-20T19:00:00,INCREASE,838.59,Prix concurrent plus bas détecté; ajustement recommandé.,-3302.88,ACCEPTED,12
117,71,2025-11-03T00:00:00,INCREASE,1134.53,Phase d'observation: maintien du prix.,11110.13,PENDING,
118,67,2025-12-21T11:00:00,HOLD,680.51,Rotation faible; baisse pour relancer les ventes.,8486.52,PENDING,
119,51,2026-01-02T04:00:00,DECREASE,858.55,Prix concurrent plus bas détecté; ajustement recommandé.,7853.2,PENDING,
120,55,2025-12-02T04:00:00,INCREASE,358.29,Demande élevée et faible stock; hausse conseillée.,2137.39,ACCEPTED,2
121,98,2025-11-12T20:00:00,DECREASE,758.82,Rotation faible; baisse pour relancer les ventes.,4204.01,ACCEPTED,30
122,178,2026-02-03T15:00:00,HOLD,328.65,Rotation faible; baisse pour relancer les ventes.,-3977.16,ACCEPTED,26
123,23,2026-01-29T13:00:00,INCREASE,897.53,Prix concurrent plus bas détecté; ajustement recommandé.,8882.24,ACCEPTED,30
124,5,2025-12-18T13:00:00,INCREASE,527.89,Prix concurrent plus bas détecté; ajustement recommandé.,-4407.02,ACCEPTED,30
125,187,2025-12-12T09:00:00,DECREASE,758.44,Rotation faible; baisse pour relancer les ventes.,5116.86,PENDING,
126,10,2026-02-02T21:00:00,HOLD,299.83,Écart important vs moyenne concurrence; correction.,-3592.38,PENDING,
127,168,2026-02-26T07:00:00,DECREASE,742.58,Demande élevée et faible stock; hausse conseillée.,7699.55,PENDING,
128,132,2026-01-15T14:00:00,DECREASE,892.12,Écart important vs moyenne concurrence; correction.,3424.92,ACCEPTED,26
129,98,2025-12-27T14:00:00,INCREASE,1005.46,Rotation faible; baisse pour relancer les ventes.,9896.04,REJECTED,26
130,120,2026-02-25T06:00:00,DECREASE,791.07,Écart important vs moyenne concurrence; correction.,73.19,ACCEPTED,2
131,104,2026-01-04T16:00:00,DECREASE,349.69,Phase d'observation: maintien du prix.,-4168.47,PENDING,
132,43,2026-02-21T08:00:00,HOLD,536.02,Demande élevée et faible stock; hausse conseillée.,7771.83,ACCEPTED,12
133,10,2025-11-05T02:00:00,INCREASE,341.84,Demande élevée et faible stock; hausse conseillée.,3395.03,REJECTED,27
134,175,2025-12-20T01:00:00,DECREASE,904.71,Prix concurrent plus bas détecté; ajustement recommandé.,7406.75,ACCEPTED,27
135,37,2026-02-09T17:00:00,HOLD,428.89,Rotation faible; baisse pour relancer les ventes.,3559.2,PENDING,
136,172,2025-11-25T21:00:00,HOLD,817.86,Rotation faible; baisse pour relancer les ventes.,7523.27,ACCEPTED,27
137,61,2026-01-20T23:00:00,INCREASE,938.16,Demande élevée et faible stock; hausse conseillée.,-1924.2,REJECTED,27
138,28,2026-01-03T10:00:00,HOLD,528.0,Écart important vs moyenne concurrence; correction.,892.18,PENDING,
139,195,2026-01-24T15:00:00,INCREASE,461.93,Demande élevée et faible stock; hausse conseillée.,5167.87,ACCEPTED,26
140,58,2025-12-14T10:00:00,INCREASE,1104.17,Écart important vs moyenne concurrence; correction.,11396.21,ACCEPTED,30
141,6,2025-11-14T14:00:00,HOLD,1347.81,Prix concurrent plus bas détecté; ajustement recommandé.,-668.91,PENDING,
142,30,2026-01-12T08:00:00,DECREASE,302.07,Phase d'observation: maintien du prix.,5195.79,ACCEPTED,26
143,180,2026-02-13T02:00:00,HOLD,458.66,Phase d'observation: maintien du prix.,11899.38,ACCEPTED,12
144,132,2025-11-09T22:00:00,HOLD,901.19,Rotation faible; baisse pour relancer les ventes.,11471.55,PENDING,
145,69,2025-12-08T21:00:00,DECREASE,556.38,Prix concurrent plus bas détecté; ajustement recommandé.,5020.98,REJECTED,26
146,152,2025-12-20T22:00:00,HOLD,302.45,Rotation faible; baisse pour relancer les ventes.,4941.55,ACCEPTED,27
147,165,2026-01-11T18:00:00,INCREASE,1292.61,Phase d'observation: maintien du prix.,-3376.06,PENDING,
148,121,2025-11-25T16:00:00,INCREASE,212.48,Prix concurrent plus bas détecté; ajustement recommandé.,68.03,ACCEPTED,2
149,198,2025-12-08T08:00:00,INCREASE,539.26,Prix concurrent plus bas détecté; ajustement recommandé.,7590.57,PENDING,
150,72,2025-10-30T07:00:00,DECREASE,1127.23,Phase d'observation: maintien du prix.,-743.61,ACCEPTED,12
151,68,2025-12-06T08:00:00,INCREASE,1028.34,Prix concurrent plus bas détecté; ajustement recommandé.,7791.88,REJECTED,12
152,189,2026-01-19T08:00:00,DECREASE,683.97,Rotation faible; baisse pour relancer les ventes.,2613.82,ACCEPTED,30
153,49,2025-11-30T13:00:00,HOLD,727.97,Demande élevée et faible stock; hausse conseillée.,9412.9,PENDING,
154,162,2026-02-11T07:00:00,HOLD,530.16,Écart important vs moyenne concurrence; correction.,10159.3,ACCEPTED,2
155,30,2025-12-07T10:00:00,HOLD,362.06,Rotation faible; baisse pour relancer les ventes.,4440.48,PENDING,
156,148,2025-12-22T13:00:00,DECREASE,593.22,Demande élevée et faible stock; hausse conseillée.,3379.99,PENDING,
157,76,2025-12-06T19:00:00,DECREASE,597.46,Prix concurrent plus bas détecté; ajustement recommandé.,11875.2,ACCEPTED,27
158,113,2026-01-17T04:00:00,DECREASE,913.49,Phase d'observation: maintien du prix.,-3899.67,PENDING,
159,67,2025-10-31T19:00:00,DECREASE,596.28,Prix concurrent plus bas détecté; ajustement recommandé.,-4457.9,ACCEPTED,27
160,147,2025-11-04T15:00:00,HOLD,665.16,Prix concurrent plus bas détecté; ajustement recommandé.,3814.01,PENDING,
161,198,2026-01-12T08:00:00,DECREASE,421.01,Rotation faible; baisse pour relancer les ventes.,6770.66,REJECTED,30
162,74,2025-11-13T01:00:00,INCREASE,375.64,Phase d'observation: maintien du prix.,-2804.58,ACCEPTED,27
163,143,2025-11-01T15:00:00,INCREASE,860.9,Prix concurrent plus bas détecté; ajustement recommandé.,11982.78,ACCEPTED,26
164,119,2025-12-07T18:00:00,DECREASE,240.78,Rotation faible; baisse pour relancer les ventes.,-1750.79,PENDING,
165,157,2026-02-07T06:00:00,HOLD,949.51,Écart important vs moyenne concurrence; correction.,780.34,ACCEPTED,30
166,141,2026-01-08T04:00:00,INCREASE,831.82,Demande élevée et faible stock; hausse conseillée.,7921.96,PENDING,
167,66,2026-02-09T01:00:00,INCREASE,349.66,Rotation faible; baisse pour relancer les ventes.,-2163.66,PENDING,
168,103,2025-11-27T01:00:00,DECREASE,209.57,Écart important vs moyenne concurrence; correction.,-3672.39,PENDING,
169,59,2026-02-26T17:00:00,INCREASE,30.08,Demande élevée et faible stock; hausse conseillée.,-2456.65,REJECTED,27
170,177,2026-01-19T01:00:00,HOLD,1251.46,Phase d'observation: maintien du prix.,-260.62,PENDING,
171,98,2026-02-18T03:00:00,DECREASE,788.84,Prix concurrent plus bas détecté; ajustement recommandé.,-4956.76,REJECTED,26
172,180,2025-12-20T01:00:00,INCREASE,522.47,Écart important vs moyenne concurrence; correction.,10166.56,PENDING,
173,174,2026-01-05T12:00:00,DECREASE,340.76,Phase d'observation: maintien du prix.,1657.52,PENDING,
174,87,2025-11-30T14:00:00,HOLD,784.95,Écart important vs moyenne concurrence; correction.,9369.46,PENDING,
175,31,2025-11-07T23:00:00,INCREASE,1253.7,Demande élevée et faible stock; hausse conseillée.,586.23,PENDING,
176,128,2025-12-25T04:00:00,HOLD,723.87,Rotation faible; baisse pour relancer les ventes.,-988.79,PENDING,
177,3,2026-01-25T09:00:00,INCREASE,1133.09,Prix concurrent plus bas détecté; ajustement recommandé.,11334.72,PENDING,
178,36,2025-11-29T21:00:00,INCREASE,808.54,Phase d'observation: maintien du prix.,6950.04,REJECTED,30
179,127,2025-11-07T00:00:00,DECREASE,160.2,Phase d'observation: maintien du prix.,9208.21,PENDING,
180,5,2025-11-28T16:00:00,DECREASE,411.54,Phase d'observation: maintien du prix.,7290.12,ACCEPTED,2
181,129,2025-11-06T07:00:00,HOLD,751.92,Demande élevée et faible stock; hausse conseillée.,536.33,ACCEPTED,12
182,191,2026-01-23T04:00:00,DECREASE,497.3,Écart important vs moyenne concurrence; correction.,6570.44,PENDING,
183,28,2025-11-19T02:00:00,DECREASE,457.74,Écart important vs moyenne concurrence; correction.,-2080.54,PENDING,
184,153,2026-01-28T07:00:00,HOLD,628.19,Rotation faible; baisse pour relancer les ventes.,-2433.59,PENDING,
185,48,2025-12-13T14:00:00,DECREASE,10.0,Demande élevée et faible stock; hausse conseillée.,-285.78,PENDING,
186,76,2025-11-18T03:00:00,DECREASE,597.46,Écart important vs moyenne concurrence; correction.,-3010.91,PENDING,
187,20,2025-11-16T14:00:00,DECREASE,608.78,Phase d'observation: maintien du prix.,-3167.46,PENDING,
188,1,2026-02-15T15:00:00,INCREASE,130.65,Rotation faible; baisse pour relancer les ventes.,4086.74,PENDING,
189,49,2025-11-08T07:00:00,HOLD,714.08,Demande élevée et faible stock; hausse conseillée.,2866.93,ACCEPTED,12
190,77,2026-02-01T17:00:00,HOLD,748.61,Demande élevée et faible stock; hausse conseillée.,4621.24,ACCEPTED,26
191,43,2026-01-29T21:00:00,INCREASE,610.65,Prix concurrent plus bas détecté; ajustement recommandé.,-2041.61,REJECTED,26
192,33,2025-12-18T17:00:00,INCREASE,441.54,Prix concurrent plus bas détecté; ajustement recommandé.,-4703.53,PENDING,
193,9,2026-01-31T23:00:00,INCREASE,76.65,Phase d'observation: maintien du prix.,5727.15,REJECTED,27
194,182,2026-01-30T21:00:00,DECREASE,967.47,Prix concurrent plus bas détecté; ajustement recommandé.,7342.09,ACCEPTED,26
195,129,2026-02-24T08:00:00,INCREASE,878.28,Rotation faible; baisse pour relancer les ventes.,10222.26,REJECTED,30
196,189,2026-02-18T13:00:00,INCREASE,753.16,Phase d'observation: maintien du prix.,3614.22,PENDING,
197,2,2025-11-27T02:00:00,INCREASE,171.5,Phase d'observation: maintien du prix.,7561.88,REJECTED,12
198,121,2025-11-18T23:00:00,INCREASE,218.97,Prix concurrent plus bas détecté; ajustement recommandé.,5313.26,PENDING,
199,39,2025-12-29T07:00:00,DECREASE,1106.45,Demande élevée et faible stock; hausse conseillée.,7249.85,PENDING,
200,152,2026-02-02T18:00:00,DECREASE,258.41,Rotation faible; baisse pour relancer les ventes.,8413.31,PENDING,
201,174,2025-12-12T17:00:00,DECREASE,316.64,Demande élevée et faible stock; hausse conseillée.,7003.96,ACCEPTED,27
202,193,2025-11-14T06:00:00,DECREASE,704.08,Écart important vs moyenne concurrence; correction.,7595.21,PENDING,
203,106,2026-01-31T17:00:00,INCREASE,320.86,Prix concurrent plus bas détecté; ajustement recommandé.,-3483.43,PENDING,
204,82,2026-02-11T16:00:00,DECREASE,85.35,Rotation faible; baisse pour relancer les ventes.,6408.72,ACCEPTED,30
205,34,2025-12-29T09:00:00,HOLD,253.63,Demande élevée et faible stock; hausse conseillée.,2541.88,PENDING,
206,116,2025-11-21T18:00:00,HOLD,615.52,Prix concurrent plus bas détecté; ajustement recommandé.,8251.82,PENDING,
207,103,2025-12-26T07:00:00,HOLD,233.32,Phase d'observation: maintien du prix.,-4679.02,REJECTED,2
208,1,2025-11-06T05:00:00,DECREASE,102.94,Prix concurrent plus bas détecté; ajustement recommandé.,-1280.84,PENDING,
209,171,2025-12-19T01:00:00,INCREASE,726.37,Phase d'observation: maintien du prix.,-2245.35,REJECTED,12
210,122,2026-01-19T22:00:00,INCREASE,1092.16,Demande élevée et faible stock; hausse conseillée.,6831.98,PENDING,
211,44,2026-02-02T15:00:00,INCREASE,994.9,Phase d'observation: maintien du prix.,-2178.52,ACCEPTED,2
212,163,2025-12-30T04:00:00,INCREASE,1263.56,Demande élevée et faible stock; hausse conseillée.,7036.4,PENDING,
213,196,2026-02-13T17:00:00,INCREASE,152.39,Écart important vs moyenne concurrence; correction.,9066.03,ACCEPTED,12
214,185,2025-11-14T20:00:00,INCREASE,74.12,Prix concurrent plus bas détecté; ajustement recommandé.,4966.19,REJECTED,27
215,5,2026-01-08T11:00:00,INCREASE,511.56,Rotation faible; baisse pour relancer les ventes.,-1803.2,ACCEPTED,12
216,35,2026-02-03T10:00:00,HOLD,1083.15,Phase d'observation: maintien du prix.,20.43,PENDING,
217,11,2025-12-28T14:00:00,INCREASE,638.17,Phase d'observation: maintien du prix.,3159.41,REJECTED,30
218,116,2026-02-11T15:00:00,INCREASE,697.76,Rotation faible; baisse pour relancer les ventes.,729.67,ACCEPTED,12
219,119,2025-12-11T09:00:00,INCREASE,300.04,Prix concurrent plus bas détecté; ajustement recommandé.,3868.34,PENDING,
220,69,2025-11-21T15:00:00,DECREASE,551.64,Phase d'observation: maintien du prix.,2358.92,ACCEPTED,26
221,163,2026-01-27T12:00:00,HOLD,1124.24,Phase d'observation: maintien du prix.,4946.51,REJECTED,2
222,160,2025-11-26T15:00:00,DECREASE,741.18,Écart important vs moyenne concurrence; correction.,6736.68,ACCEPTED,2
223,86,2025-12-27T06:00:00,INCREASE,273.37,Prix concurrent plus bas détecté; ajustement recommandé.,4186.36,PENDING,
224,122,2026-02-19T22:00:00,HOLD,985.41,Prix concurrent plus bas détecté; ajustement recommandé.,2142.58,REJECTED,12
225,1,2026-01-24T04:00:00,DECREASE,106.52,Écart important vs moyenne concurrence; correction.,-2335.53,REJECTED,30
226,133,2026-02-04T07:00:00,INCREASE,773.99,Phase d'observation: maintien du prix.,346.32,PENDING,
227,70,2025-12-23T19:00:00,DECREASE,567.0,Phase d'observation: maintien du prix.,8204.07,ACCEPTED,27
228,33,2026-02-18T17:00:00,INCREASE,445.92,Demande élevée et faible stock; hausse conseillée.,-3379.6,PENDING,
229,29,2025-12-23T16:00:00,HOLD,200.04,Rotation faible; baisse pour relancer les ventes.,-143.6,PENDING,
230,124,2025-11-11T23:00:00,HOLD,457.17,Rotation faible; baisse pour relancer les ventes.,9756.36,ACCEPTED,12
231,54,2026-01-29T09:00:00,DECREASE,168.43,Rotation faible; baisse pour relancer les ventes.,10432.95,ACCEPTED,30
232,193,2025-11-10T14:00:00,DECREASE,750.38,Écart important vs moyenne concurrence; correction.,-4548.13,PENDING,
233,107,2026-02-13T03:00:00,INCREASE,474.35,Demande élevée et faible stock; hausse conseillée.,8998.12,ACCEPTED,27
234,67,2025-12-31T16:00:00,HOLD,688.71,Phase d'observation: maintien du prix.,-964.34,REJECTED,12
235,186,2025-12-24T20:00:00,DECREASE,743.52,Rotation faible; baisse pour relancer les ventes.,3027.62,PENDING,
236,89,2026-01-18T00:00:00,DECREASE,738.43,Écart important vs moyenne concurrence; correction.,10727.23,ACCEPTED,30
237,166,2025-12-13T00:00:00,DECREASE,173.11,Écart important vs moyenne concurrence; correction.,-4112.53,PENDING,
238,120,2025-11-14T03:00:00,HOLD,816.96,Rotation faible; baisse pour relancer les ventes.,-1953.89,PENDING,
239,155,2025-11-30T17:00:00,HOLD,810.68,Rotation faible; baisse pour relancer les ventes.,-3522.22,PENDING,
240,154,2026-02-20T15:00:00,DECREASE,218.27,Phase d'observation: maintien du prix.,7476.05,REJECTED,30
241,76,2025-11-18T00:00:00,HOLD,622.25,Écart important vs moyenne concurrence; correction.,10491.99,REJECTED,26
242,69,2025-11-03T09:00:00,HOLD,577.78,Écart important vs moyenne concurrence; correction.,3245.67,ACCEPTED,12
243,131,2025-11-08T11:00:00,INCREASE,116.27,Rotation faible; baisse pour relancer les ventes.,10644.24,ACCEPTED,2
244,9,2025-12-15T21:00:00,HOLD,72.72,Prix concurrent plus bas détecté; ajustement recommandé.,-3127.33,ACCEPTED,27
245,61,2025-11-20T05:00:00,INCREASE,934.4,Demande élevée et faible stock; hausse conseillée.,-484.34,ACCEPTED,30
246,83,2026-02-01T17:00:00,DECREASE,122.48,Prix concurrent plus bas détecté; ajustement recommandé.,5566.95,ACCEPTED,26
247,112,2026-02-01T01:00:00,HOLD,775.09,Rotation faible; baisse pour relancer les ventes.,6140.58,ACCEPTED,12
248,95,2026-01-24T06:00:00,INCREASE,329.36,Rotation faible; baisse pour relancer les ventes.,-3138.28,REJECTED,30
249,93,2025-12-24T01:00:00,HOLD,609.29,Phase d'observation: maintien du prix.,-1604.34,PENDING,
250,100,2025-12-25T10:00:00,DECREASE,424.54,Écart important vs moyenne concurrence; correction.,6448.75,ACCEPTED,26
251,113,2026-02-17T09:00:00,HOLD,1019.89,Demande élevée et faible stock; hausse conseillée.,10777.63,PENDING,
252,191,2025-12-27T18:00:00,DECREASE,476.37,Prix concurrent plus bas détecté; ajustement recommandé.,10509.41,ACCEPTED,2
253,58,2026-01-31T15:00:00,HOLD,1002.4,Rotation faible; baisse pour relancer les ventes.,7321.68,ACCEPTED,27
254,89,2025-12-16T15:00:00,DECREASE,667.22,Écart important vs moyenne concurrence; correction.,-4918.92,PENDING,
255,116,2025-11-13T02:00:00,DECREASE,591.03,Prix concurrent plus bas détecté; ajustement recommandé.,8815.15,PENDING,
256,2,2026-01-28T15:00:00,HOLD,165.08,Prix concurrent plus bas détecté; ajustement recommandé.,-499.5,ACCEPTED,2
257,81,2026-02-10T05:00:00,HOLD,79.65,Rotation faible; baisse pour relancer les ventes.,-27.26,PENDING,
258,25,2026-02-24T01:00:00,HOLD,406.77,Demande élevée et faible stock; hausse conseillée.,3032.99,PENDING,
259,5,2026-01-15T02:00:00,HOLD,457.22,Phase d'observation: maintien du prix.,2264.16,REJECTED,27
260,114,2025-11-18T15:00:00,HOLD,22.26,Rotation faible; baisse pour relancer les ventes.,9326.11,PENDING,
261,22,2025-12-16T17:00:00,HOLD,461.76,Demande élevée et faible stock; hausse conseillée.,4355.26,REJECTED,12
262,118,2026-01-30T22:00:00,INCREASE,29.75,Phase d'observation: maintien du prix.,5244.43,PENDING,
263,194,2025-12-18T08:00:00,INCREASE,366.82,Écart important vs moyenne concurrence; correction.,8005.3,PENDING,
264,155,2025-12-09T18:00:00,DECREASE,793.93,Phase d'observation: maintien du prix.,7730.59,PENDING,
265,111,2026-01-28T19:00:00,HOLD,664.71,Rotation faible; baisse pour relancer les ventes.,7584.36,PENDING,
266,149,2026-01-29T21:00:00,HOLD,127.19,Écart important vs moyenne concurrence; correction.,-196.75,PENDING,
267,26,2025-11-11T16:00:00,INCREASE,576.8,Demande élevée et faible stock; hausse conseillée.,5647.73,PENDING,
268,141,2026-01-28T00:00:00,DECREASE,714.78,Demande élevée et faible stock; hausse conseillée.,2137.58,ACCEPTED,30
269,135,2025-12-24T14:00:00,INCREASE,873.31,Prix concurrent plus bas détecté; ajustement recommandé.,4428.53,PENDING,
270,199,2025-11-17T15:00:00,HOLD,445.7,Rotation faible; baisse pour relancer les ventes.,1808.82,PENDING,
271,164,2026-02-25T04:00:00,HOLD,945.23,Écart important vs moyenne concurrence; correction.,-3716.22,PENDING,
272,109,2025-12-06T10:00:00,INCREASE,445.79,Phase d'observation: maintien du prix.,-304.02,ACCEPTED,12
273,137,2026-01-04T20:00:00,DECREASE,343.33,Phase d'observation: maintien du prix.,-2752.64,ACCEPTED,12
274,66,2026-01-29T20:00:00,INCREASE,342.07,Prix concurrent plus bas détecté; ajustement recommandé.,2844.35,PENDING,
275,82,2025-11-03T20:00:00,INCREASE,102.81,Rotation faible; baisse pour relancer les ventes.,898.34,ACCEPTED,2
276,142,2026-02-12T07:00:00,INCREASE,261.3,Prix concurrent plus bas détecté; ajustement recommandé.,-4370.06,ACCEPTED,26
277,86,2025-12-23T20:00:00,DECREASE,225.48,Rotation faible; baisse pour relancer les ventes.,5462.25,PENDING,
278,30,2025-11-25T07:00:00,HOLD,364.71,Demande élevée et faible stock; hausse conseillée.,4971.12,PENDING,
279,129,2026-02-24T15:00:00,INCREASE,771.46,Rotation faible; baisse pour relancer les ventes.,1182.28,PENDING,
280,39,2026-01-05T14:00:00,DECREASE,1064.25,Écart important vs moyenne concurrence; correction.,-4048.44,ACCEPTED,12
281,129,2025-12-18T08:00:00,INCREASE,797.36,Phase d'observation: maintien du prix.,6944.68,ACCEPTED,2
282,111,2025-11-27T05:00:00,DECREASE,572.27,Rotation faible; baisse pour relancer les ventes.,4761.41,ACCEPTED,27
283,83,2026-02-20T04:00:00,INCREASE,159.41,Rotation faible; baisse pour relancer les ventes.,10919.34,PENDING,
284,190,2025-12-26T08:00:00,HOLD,755.47,Prix concurrent plus bas détecté; ajustement recommandé.,-1123.07,PENDING,
285,2,2025-12-27T15:00:00,DECREASE,139.36,Prix concurrent plus bas détecté; ajustement recommandé.,3796.39,ACCEPTED,2
286,85,2025-11-09T00:00:00,DECREASE,560.56,Rotation faible; baisse pour relancer les ventes.,7467.63,PENDING,
287,129,2025-11-30T09:00:00,DECREASE,687.04,Écart important vs moyenne concurrence; correction.,-1709.1,PENDING,
288,19,2025-12-04T05:00:00,HOLD,625.38,Demande élevée et faible stock; hausse conseillée.,10089.31,ACCEPTED,26
289,126,2026-01-04T10:00:00,INCREASE,391.44,Écart important vs moyenne concurrence; correction.,-3593.59,PENDING,
290,23,2025-11-03T19:00:00,HOLD,824.99,Prix concurrent plus bas détecté; ajustement recommandé.,-2565.62,PENDING,
291,81,2025-12-31T05:00:00,HOLD,79.75,Demande élevée et faible stock; hausse conseillée.,8894.26,PENDING,
292,17,2025-11-29T15:00:00,HOLD,70.04,Rotation faible; baisse pour relancer les ventes.,4196.46,PENDING,
293,126,2025-11-29T06:00:00,DECREASE,329.47,Demande élevée et faible stock; hausse conseillée.,863.46,ACCEPTED,27
294,120,2026-01-01T22:00:00,INCREASE,894.8,Prix concurrent plus bas détecté; ajustement recommandé.,10352.95,ACCEPTED,12
295,82,2025-11-15T21:00:00,INCREASE,95.93,Écart important vs moyenne concurrence; correction.,-995.92,PENDING,
296,164,2026-02-12T06:00:00,DECREASE,873.8,Écart important vs moyenne concurrence; correction.,-3194.14,REJECTED,12
297,193,2025-11-27T21:00:00,DECREASE,734.79,Prix concurrent plus bas détecté; ajustement recommandé.,6696.38,REJECTED,26
298,41,2026-02-21T05:00:00,INCREASE,816.67,Phase d'observation: maintien du prix.,-4004.93,PENDING,
299,64,2025-11-27T16:00:00,HOLD,925.23,Rotation faible; baisse pour relancer les ventes.,6684.19,ACCEPTED,26
300,114,2025-11-13T03:00:00,HOLD,22.12,Écart important vs moyenne concurrence; correction.,341.64,PENDING,
301,46,2025-10-31T05:00:00,HOLD,1142.1,Rotation faible; baisse pour relancer les ventes.,-84.93,ACCEPTED,12
302,185,2026-02-04T21:00:00,HOLD,69.38,Phase d'observation: maintien du prix.,7516.26,ACCEPTED,27
303,113,2025-11-27T18:00:00,DECREASE,910.61,Prix concurrent plus bas détecté; ajustement recommandé.,-372.02,ACCEPTED,30
304,11,2025-11-02T16:00:00,INCREASE,669.39,Phase d'observation: maintien du prix.,8018.11,PENDING,
305,74,2026-02-16T07:00:00,HOLD,333.14,Demande élevée et faible stock; hausse conseillée.,11421.92,REJECTED,26
306,158,2026-02-21T23:00:00,HOLD,1058.73,Rotation faible; baisse pour relancer les ventes.,8990.42,PENDING,
307,135,2025-11-20T22:00:00,INCREASE,864.77,Écart important vs moyenne concurrence; correction.,7806.92,ACCEPTED,26
308,197,2026-01-17T11:00:00,DECREASE,229.83,Prix concurrent plus bas détecté; ajustement recommandé.,1737.24,PENDING,
309,177,2025-12-19T00:00:00,INCREASE,1452.19,Écart important vs moyenne concurrence; correction.,-659.71,ACCEPTED,2
310,115,2026-01-04T05:00:00,HOLD,970.92,Écart important vs moyenne concurrence; correction.,11889.14,ACCEPTED,26
311,68,2026-01-08T00:00:00,HOLD,996.81,Prix concurrent plus bas détecté; ajustement recommandé.,-1849.01,PENDING,
312,9,2026-01-23T07:00:00,INCREASE,82.96,Rotation faible; baisse pour relancer les ventes.,-4097.09,ACCEPTED,26
313,78,2026-01-02T05:00:00,DECREASE,930.48,Écart important vs moyenne concurrence; correction.,2221.19,REJECTED,30
314,52,2025-10-29T04:00:00,INCREASE,530.93,Phase d'observation: maintien du prix.,-1464.24,PENDING,
315,174,2025-11-17T06:00:00,DECREASE,332.82,Phase d'observation: maintien du prix.,1718.68,PENDING,
316,122,2025-12-12T14:00:00,DECREASE,910.04,Rotation faible; baisse pour relancer les ventes.,1632.31,PENDING,
317,147,2026-01-07T04:00:00,INCREASE,779.04,Phase d'observation: maintien du prix.,8206.12,ACCEPTED,26
318,135,2026-01-06T03:00:00,INCREASE,899.56,Rotation faible; baisse pour relancer les ventes.,-3077.33,REJECTED,12
319,31,2025-12-07T02:00:00,INCREASE,1357.97,Écart important vs moyenne concurrence; correction.,-1125.04,ACCEPTED,27
320,45,2025-11-22T09:00:00,INCREASE,52.74,Écart important vs moyenne concurrence; correction.,10048.94,REJECTED,2
321,142,2026-01-18T23:00:00,DECREASE,229.51,Écart important vs moyenne concurrence; correction.,9571.49,ACCEPTED,12
322,61,2026-01-12T11:00:00,INCREASE,962.47,Demande élevée et faible stock; hausse conseillée.,5247.29,ACCEPTED,27
323,165,2025-12-19T18:00:00,DECREASE,932.52,Prix concurrent plus bas détecté; ajustement recommandé.,1699.29,PENDING,
324,110,2025-12-25T00:00:00,HOLD,397.84,Demande élevée et faible stock; hausse conseillée.,-588.94,PENDING,
325,166,2025-11-07T10:00:00,DECREASE,173.11,Demande élevée et faible stock; hausse conseillée.,4968.04,PENDING,
326,110,2026-01-24T23:00:00,DECREASE,374.02,Prix concurrent plus bas détecté; ajustement recommandé.,4899.18,PENDING,
327,162,2026-01-03T18:00:00,INCREASE,556.2,Écart important vs moyenne concurrence; correction.,6288.35,PENDING,
328,157,2026-02-05T11:00:00,DECREASE,910.08,Demande élevée et faible stock; hausse conseillée.,-4801.46,PENDING,
329,20,2026-02-14T18:00:00,HOLD,692.14,Demande élevée et faible stock; hausse conseillée.,2843.29,PENDING,
330,116,2026-02-23T08:00:00,INCREASE,688.01,Rotation faible; baisse pour relancer les ventes.,11246.4,PENDING,
331,51,2025-11-21T01:00:00,DECREASE,933.55,Demande élevée et faible stock; hausse conseillée.,11650.74,PENDING,
332,79,2025-10-29T04:00:00,INCREASE,616.4,Écart important vs moyenne concurrence; correction.,8184.4,ACCEPTED,26
333,162,2026-02-16T18:00:00,HOLD,530.35,Demande élevée et faible stock; hausse conseillée.,7836.39,PENDING,
334,193,2025-11-04T13:00:00,DECREASE,707.14,Prix concurrent plus bas détecté; ajustement recommandé.,6886.56,ACCEPTED,2
335,189,2025-12-29T16:00:00,DECREASE,683.97,Rotation faible; baisse pour relancer les ventes.,-148.47,REJECTED,12
336,119,2025-10-29T22:00:00,HOLD,285.62,Rotation faible; baisse pour relancer les ventes.,9667.61,PENDING,
337,31,2025-11-19T10:00:00,HOLD,1168.78,Rotation faible; baisse pour relancer les ventes.,6237.15,REJECTED,26
338,78,2026-02-21T06:00:00,HOLD,1051.51,Prix concurrent plus bas détecté; ajustement recommandé.,8264.86,ACCEPTED,27
339,156,2025-12-11T08:00:00,HOLD,766.85,Écart important vs moyenne concurrence; correction.,10768.41,PENDING,
340,147,2025-11-11T07:00:00,HOLD,663.5,Écart important vs moyenne concurrence; correction.,4327.58,ACCEPTED,2
341,151,2026-01-14T02:00:00,DECREASE,195.75,Rotation faible; baisse pour relancer les ventes.,9252.81,REJECTED,2
342,102,2026-01-13T08:00:00,HOLD,1055.21,Écart important vs moyenne concurrence; correction.,6575.84,REJECTED,30
343,61,2026-02-17T10:00:00,DECREASE,808.47,Prix concurrent plus bas détecté; ajustement recommandé.,-2923.61,PENDING,
344,191,2026-01-09T21:00:00,INCREASE,567.85,Rotation faible; baisse pour relancer les ventes.,1979.11,PENDING,
345,42,2026-01-30T02:00:00,INCREASE,452.92,Prix concurrent plus bas détecté; ajustement recommandé.,7969.41,PENDING,
346,12,2026-01-13T03:00:00,HOLD,184.11,Phase d'observation: maintien du prix.,6413.2,REJECTED,30
347,166,2026-01-18T13:00:00,INCREASE,186.04,Phase d'observation: maintien du prix.,-4512.3,PENDING,
348,2,2026-01-31T12:00:00,DECREASE,148.33,Rotation faible; baisse pour relancer les ventes.,-310.88,REJECTED,27
349,32,2025-12-09T01:00:00,HOLD,448.45,Écart important vs moyenne concurrence; correction.,-935.15,REJECTED,27
350,200,2026-01-26T21:00:00,HOLD,447.34,Prix concurrent plus bas détecté; ajustement recommandé.,4245.73,ACCEPTED,2
351,27,2025-11-12T18:00:00,INCREASE,322.77,Phase d'observation: maintien du prix.,9164.94,REJECTED,26
352,173,2026-02-03T22:00:00,INCREASE,45.34,Demande élevée et faible stock; hausse conseillée.,-2287.16,PENDING,
353,99,2026-02-08T15:00:00,INCREASE,310.88,Écart important vs moyenne concurrence; correction.,5622.93,PENDING,
354,8,2026-02-08T03:00:00,DECREASE,255.14,Écart important vs moyenne concurrence; correction.,-2239.18,REJECTED,30
355,36,2026-01-18T06:00:00,DECREASE,666.54,Demande élevée et faible stock; hausse conseillée.,-4055.88,ACCEPTED,26
356,3,2026-02-08T23:00:00,HOLD,963.58,Prix concurrent plus bas détecté; ajustement recommandé.,-3897.86,PENDING,
357,60,2025-12-16T18:00:00,HOLD,508.51,Prix concurrent plus bas détecté; ajustement recommandé.,9656.07,ACCEPTED,27
358,49,2026-01-16T15:00:00,HOLD,727.3,Rotation faible; baisse pour relancer les ventes.,7935.52,REJECTED,27
359,29,2026-01-24T02:00:00,INCREASE,231.21,Écart important vs moyenne concurrence; correction.,-680.79,ACCEPTED,12
360,102,2026-02-19T03:00:00,INCREASE,1223.32,Demande élevée et faible stock; hausse conseillée.,3053.57,REJECTED,12
361,2,2026-01-08T12:00:00,DECREASE,161.21,Demande élevée et faible stock; hausse conseillée.,2147.24,REJECTED,2
362,98,2026-02-14T18:00:00,DECREASE,750.05,Rotation faible; baisse pour relancer les ventes.,141.78,PENDING,
363,144,2025-12-30T04:00:00,HOLD,205.23,Prix concurrent plus bas détecté; ajustement recommandé.,897.43,PENDING,
364,119,2026-02-18T21:00:00,DECREASE,265.45,Prix concurrent plus bas détecté; ajustement recommandé.,9676.02,ACCEPTED,26
365,144,2026-01-01T08:00:00,DECREASE,193.04,Phase d'observation: maintien du prix.,-3444.0,ACCEPTED,26
366,113,2025-11-25T18:00:00,INCREASE,1104.7,Prix concurrent plus bas détecté; ajustement recommandé.,9000.7,REJECTED,2
367,13,2026-01-25T10:00:00,DECREASE,763.87,Rotation faible; baisse pour relancer les ventes.,1199.13,PENDING,
368,165,2026-01-28T00:00:00,HOLD,1141.41,Prix concurrent plus bas détecté; ajustement recommandé.,9658.35,ACCEPTED,2
369,11,2026-01-07T14:00:00,HOLD,601.03,Écart important vs moyenne concurrence; correction.,963.15,PENDING,
370,171,2026-02-08T07:00:00,INCREASE,719.45,Phase d'observation: maintien du prix.,4648.79,ACCEPTED,26
371,161,2025-11-05T13:00:00,DECREASE,111.68,Rotation faible; baisse pour relancer les ventes.,-2723.37,ACCEPTED,26
372,156,2026-01-22T08:00:00,HOLD,774.6,Demande élevée et faible stock; hausse conseillée.,-4009.21,REJECTED,30
373,72,2026-01-06T10:00:00,DECREASE,1108.3,Phase d'observation: maintien du prix.,-420.77,ACCEPTED,27
374,2,2025-12-12T18:00:00,HOLD,165.66,Écart important vs moyenne concurrence; correction.,6301.61,PENDING,
375,45,2026-02-19T13:00:00,DECREASE,41.96,Écart important vs moyenne concurrence; correction.,-4708.97,PENDING,
376,140,2025-12-31T10:00:00,INCREASE,158.3,Prix concurrent plus bas détecté; ajustement recommandé.,-1820.33,ACCEPTED,30
377,98,2026-02-12T18:00:00,INCREASE,964.87,Phase d'observation: maintien du prix.,4145.74,ACCEPTED,12
378,145,2026-02-21T21:00:00,HOLD,560.86,Rotation faible; baisse pour relancer les ventes.,1351.67,PENDING,
379,117,2026-02-06T23:00:00,INCREASE,797.46,Prix concurrent plus bas détecté; ajustement recommandé.,-3518.31,REJECTED,12
380,129,2025-10-30T22:00:00,INCREASE,797.05,Demande élevée et faible stock; hausse conseillée.,-2034.53,PENDING,
381,82,2026-01-21T06:00:00,DECREASE,72.49,Rotation faible; baisse pour relancer les ventes.,-3376.04,PENDING,
382,138,2025-11-22T13:00:00,HOLD,538.56,Phase d'observation: maintien du prix.,3928.14,ACCEPTED,2
383,138,2025-12-26T10:00:00,DECREASE,487.26,Rotation faible; baisse pour relancer les ventes.,4646.58,ACCEPTED,30
384,195,2025-10-31T09:00:00,INCREASE,467.01,Phase d'observation: maintien du prix.,9469.39,PENDING,
385,63,2025-11-01T09:00:00,INCREASE,1384.4,Écart important vs moyenne concurrence; correction.,5263.91,PENDING,
386,187,2026-01-17T18:00:00,DECREASE,758.44,Demande élevée et faible stock; hausse conseillée.,592.64,PENDING,
387,143,2026-01-19T23:00:00,DECREASE,756.63,Demande élevée et faible stock; hausse conseillée.,6229.61,ACCEPTED,30
388,148,2025-11-08T11:00:00,DECREASE,593.22,Demande élevée et faible stock; hausse conseillée.,1250.74,REJECTED,27
389,156,2025-12-20T13:00:00,DECREASE,637.06,Phase d'observation: maintien du prix.,6226.3,PENDING,
390,189,2026-02-16T07:00:00,HOLD,709.55,Demande élevée et faible stock; hausse conseillée.,2383.25,PENDING,
391,154,2025-11-18T17:00:00,HOLD,241.43,Rotation faible; baisse pour relancer les ventes.,-1173.04,ACCEPTED,2
392,17,2025-11-26T00:00:00,DECREASE,64.83,Rotation faible; baisse pour relancer les ventes.,4204.61,PENDING,
393,197,2025-10-29T11:00:00,INCREASE,248.13,Écart important vs moyenne concurrence; correction.,-4895.27,REJECTED,27
394,20,2025-11-01T14:00:00,DECREASE,638.65,Écart important vs moyenne concurrence; correction.,1757.67,PENDING,
395,114,2026-01-08T13:00:00,DECREASE,21.46,Écart important vs moyenne concurrence; correction.,9332.1,PENDING,
396,35,2026-01-30T12:00:00,HOLD,1085.2,Phase d'observation: maintien du prix.,3128.6,ACCEPTED,2
397,33,2025-12-17T00:00:00,DECREASE,381.47,Demande élevée et faible stock; hausse conseillée.,3176.91,ACCEPTED,27
398,52,2026-01-16T21:00:00,INCREASE,571.81,Demande élevée et faible stock; hausse conseillée.,8271.45,ACCEPTED,12
399,44,2026-01-23T07:00:00,HOLD,843.3,Rotation faible; baisse pour relancer les ventes.,810.97,PENDING,
400,173,2025-11-07T19:00:00,DECREASE,34.66,Rotation faible; baisse pour relancer les ventes.,9371.06,REJECTED,2
401,32,2025-11-26T10:00:00,DECREASE,411.12,Rotation faible; baisse pour relancer les ventes.,11127.03,PENDING,
402,93,2026-02-17T17:00:00,DECREASE,520.04,Rotation faible; baisse pour relancer les ventes.,2800.21,ACCEPTED,12
403,21,2025-12-03T05:00:00,HOLD,988.3,Écart important vs moyenne concurrence; correction.,-1207.65,PENDING,
404,143,2025-11-06T10:00:00,HOLD,826.21,Phase d'observation: maintien du prix.,6185.21,ACCEPTED,12
405,143,2026-01-17T19:00:00,HOLD,824.59,Écart important vs moyenne concurrence; correction.,1462.28,PENDING,
406,6,2025-12-07T06:00:00,HOLD,1365.25,Phase d'observation: maintien du prix.,-911.01,REJECTED,27
407,66,2026-01-30T18:00:00,HOLD,300.6,Demande élevée et faible stock; hausse conseillée.,4631.38,ACCEPTED,26
408,37,2026-01-28T22:00:00,DECREASE,374.68,Écart important vs moyenne concurrence; correction.,9817.41,ACCEPTED,2
409,46,2026-02-09T13:00:00,HOLD,1136.15,Demande élevée et faible stock; hausse conseillée.,-1778.94,ACCEPTED,27
410,123,2025-12-24T21:00:00,HOLD,117.48,Écart important vs moyenne concurrence; correction.,11047.84,PENDING,
411,76,2025-12-15T14:00:00,DECREASE,597.46,Phase d'observation: maintien du prix.,7335.32,ACCEPTED,27
412,67,2025-11-29T23:00:00,INCREASE,726.33,Demande élevée et faible stock; hausse conseillée.,1566.69,PENDING,
413,15,2025-11-18T11:00:00,HOLD,491.65,Écart important vs moyenne concurrence; correction.,-1612.71,ACCEPTED,27
414,10,2026-02-03T09:00:00,DECREASE,274.75,Rotation faible; baisse pour relancer les ventes.,-221.41,REJECTED,26
415,37,2026-01-13T17:00:00,HOLD,430.08,Phase d'observation: maintien du prix.,11827.59,ACCEPTED,30
416,7,2025-11-22T14:00:00,INCREASE,476.83,Écart important vs moyenne concurrence; correction.,10024.16,ACCEPTED,2
417,154,2026-01-17T09:00:00,HOLD,240.82,Rotation faible; baisse pour relancer les ventes.,-2455.97,PENDING,
418,80,2026-01-14T03:00:00,HOLD,1024.56,Prix concurrent plus bas détecté; ajustement recommandé.,-1602.67,ACCEPTED,26
419,175,2026-02-09T19:00:00,INCREASE,1171.39,Écart important vs moyenne concurrence; correction.,10614.61,PENDING,
420,170,2025-12-20T22:00:00,DECREASE,700.52,Phase d'observation: maintien du prix.,-1823.19,ACCEPTED,27
421,121,2025-11-16T09:00:00,DECREASE,181.99,Écart important vs moyenne concurrence; correction.,7963.42,REJECTED,26
422,73,2026-01-07T16:00:00,INCREASE,1117.02,Phase d'observation: maintien du prix.,11771.36,PENDING,
423,4,2025-12-24T12:00:00,DECREASE,439.04,Phase d'observation: maintien du prix.,2333.89,PENDING,
424,171,2026-01-11T05:00:00,INCREASE,665.81,Demande élevée et faible stock; hausse conseillée.,1931.71,REJECTED,2
425,137,2026-01-01T15:00:00,HOLD,378.92,Écart important vs moyenne concurrence; correction.,1636.73,PENDING,
426,174,2025-12-11T00:00:00,INCREASE,419.27,Demande élevée et faible stock; hausse conseillée.,-4041.61,ACCEPTED,12
427,30,2026-01-03T15:00:00,INCREASE,414.21,Écart important vs moyenne concurrence; correction.,9000.25,ACCEPTED,30
428,95,2025-12-23T06:00:00,INCREASE,330.94,Prix concurrent plus bas détecté; ajustement recommandé.,2614.41,PENDING,
429,145,2026-02-26T02:00:00,INCREASE,618.61,Phase d'observation: maintien du prix.,4767.97,ACCEPTED,12
430,49,2025-12-29T06:00:00,DECREASE,678.91,Phase d'observation: maintien du prix.,3044.75,PENDING,
431,67,2025-12-27T23:00:00,DECREASE,623.78,Rotation faible; baisse pour relancer les ventes.,2649.51,REJECTED,2
432,38,2025-11-15T13:00:00,HOLD,414.72,Rotation faible; baisse pour relancer les ventes.,7506.61,ACCEPTED,30
433,60,2025-11-25T15:00:00,HOLD,512.07,Demande élevée et faible stock; hausse conseillée.,-4070.79,ACCEPTED,26
434,14,2026-02-02T04:00:00,INCREASE,1110.91,Prix concurrent plus bas détecté; ajustement recommandé.,4364.36,ACCEPTED,2
435,133,2026-01-22T21:00:00,HOLD,702.75,Demande élevée et faible stock; hausse conseillée.,10268.14,PENDING,
436,95,2025-12-13T11:00:00,INCREASE,333.41,Écart important vs moyenne concurrence; correction.,-1496.49,REJECTED,30
437,198,2025-11-30T19:00:00,DECREASE,434.27,Phase d'observation: maintien du prix.,5600.59,REJECTED,26
438,43,2025-10-30T05:00:00,DECREASE,479.21,Demande élevée et faible stock; hausse conseillée.,2481.5,PENDING,
439,73,2026-02-06T11:00:00,DECREASE,807.08,Rotation faible; baisse pour relancer les ventes.,-1365.19,PENDING,
440,8,2025-12-23T19:00:00,HOLD,276.22,Prix concurrent plus bas détecté; ajustement recommandé.,11067.56,PENDING,
441,142,2025-11-10T06:00:00,INCREASE,276.26,Prix concurrent plus bas détecté; ajustement recommandé.,-3207.33,ACCEPTED,26
442,18,2025-11-24T15:00:00,INCREASE,1092.13,Prix concurrent plus bas détecté; ajustement recommandé.,-2617.28,ACCEPTED,26
443,55,2026-02-21T03:00:00,INCREASE,395.83,Écart important vs moyenne concurrence; correction.,5704.33,PENDING,
444,65,2025-11-29T21:00:00,DECREASE,260.11,Phase d'observation: maintien du prix.,8483.63,ACCEPTED,26
445,9,2025-12-12T05:00:00,DECREASE,70.64,Écart important vs moyenne concurrence; correction.,6736.08,ACCEPTED,27
446,163,2026-02-06T01:00:00,DECREASE,1007.08,Prix concurrent plus bas détecté; ajustement recommandé.,-3872.41,PENDING,
447,75,2026-02-17T16:00:00,DECREASE,687.03,Prix concurrent plus bas détecté; ajustement recommandé.,2676.5,PENDING,
448,106,2026-01-24T03:00:00,DECREASE,271.0,Prix concurrent plus bas détecté; ajustement recommandé.,11118.94,REJECTED,2
449,74,2025-11-26T02:00:00,INCREASE,346.27,Rotation faible; baisse pour relancer les ventes.,-4128.58,REJECTED,30
450,55,2025-12-09T17:00:00,INCREASE,369.27,Écart important vs moyenne concurrence; correction.,4515.08,PENDING,
