product_id,supplier_id,lead_time_days,last_cost_price,is_preferred
1,2,18,91.77,False
1,21,6,88.21,True
2,30,10,96.14,False
2,39,8,108.11,True
3,24,3,592.91,True
4,21,13,360.83,False
5,18,12,345.63,False
6,13,11,824.23,False
6,39,8,797.55,False
6,8,9,831.52,False
7,20,10,343.37,True
8,27,4,166.53,False
9,29,14,52.31,False
10,7,16,210.36,False
10,18,16,210.67,False
11,2,3,411.87,False
11,8,13,366.68,False
12,36,15,136.99,False
12,2,12,136.28,False
13,19,20,556.2,False
13,21,6,600.13,False
13,37,6,566.98,False
14,16,13,693.75,False
14,6,4,711.33,False
14,24,18,702.66,False
15,10,8,377.2,True
15,36,10,363.74,True
15,6,19,351.38,False
16,15,3,118.93,True
16,31,6,133.58,True
16,3,12,121.0,False
17,26,11,53.51,False
17,2,15,54.01,True
17,33,20,49.6,True
18,1,4,666.08,False
18,23,7,646.68,True
19,40,11,509.36,False
20,11,21,453.52,True
20,13,10,463.81,False
21,2,21,799.67,False
21,29,14,708.82,True
22,7,8,357.46,False
22,14,11,361.48,False
23,20,3,687.62,True
23,24,10,641.29,True
23,30,2,641.25,True
24,14,14,577.22,False
24,32,14,566.68,True
25,31,21,270.44,False
25,36,9,261.14,True
26,2,21,392.7,True
27,1,16,219.35,False
27,20,7,209.18,False
28,13,4,353.41,False
28,28,11,382.16,False
28,24,11,345.32,False
29,8,2,154.5,False
30,1,5,210.66,True
31,36,20,750.29,False
31,18,6,718.46,False
31,2,14,696.11,False
32,27,2,361.89,True
32,12,4,383.78,False
33,19,10,262.2,True
33,31,8,271.75,False
33,13,2,306.3,True
34,28,9,157.86,False
34,36,11,149.28,False
34,32,16,160.43,False
35,24,19,712.08,False
35,36,13,743.64,False
36,30,11,428.6,False
36,23,17,466.98,False
37,6,10,305.04,False
37,39,13,294.04,False
38,11,18,332.48,False
38,3,6,316.55,False
38,22,7,329.13,False
39,26,4,815.05,False
40,35,5,30.36,True
40,3,19,30.79,True
40,34,9,30.88,False
41,8,13,532.45,False
41,21,14,504.6,False
42,7,16,257.63,False
42,15,8,282.08,False
43,7,4,379.34,False
43,32,14,356.27,True
43,10,5,394.45,True
44,2,11,511.44,True
45,5,5,27.35,False
45,17,14,25.53,False
45,29,12,27.2,True
46,40,17,793.21,False
46,38,17,835.67,False
47,2,17,258.65,False
47,17,19,255.07,False
48,40,2,8.76,False
48,23,4,8.89,False
48,32,4,8.57,False
49,7,12,586.32,False
49,30,3,594.3,False
49,25,16,583.89,False
50,9,20,65.57,False
51,29,7,655.58,False
51,5,14,691.26,False
51,33,3,633.43,True
52,32,11,371.0,True
52,12,21,341.67,True
52,29,6,377.47,True
53,32,2,145.06,False
53,16,7,154.16,True
54,15,12,140.67,False
55,15,5,230.18,True
55,29,21,248.32,False
56,28,18,669.52,False
56,2,19,589.82,False
57,28,15,606.08,True
57,36,13,648.56,False
58,9,5,657.68,True
59,13,16,19.41,False
60,17,7,435.96,True
60,31,3,411.88,True
60,5,6,447.29,False
61,4,2,616.56,False
61,33,20,660.5,False
62,21,9,71.52,False
63,31,17,769.67,True
64,36,4,575.24,True
64,35,18,575.17,False
65,33,20,219.09,False
65,5,15,244.1,False
66,17,15,239.77,False
67,26,8,523.64,False
67,2,14,505.55,False
68,9,17,696.79,False
69,11,21,452.78,False
69,16,4,446.39,True
70,36,4,518.19,False
71,3,14,711.48,False
71,24,12,714.16,False
71,18,12,786.81,False
72,33,14,721.12,False
72,32,20,714.23,False
73,39,17,601.45,False
73,37,12,620.78,False
73,9,4,593.01,True
74,19,18,222.47,False
74,39,12,247.76,False
75,20,12,549.81,False
75,13,10,556.84,False
76,40,6,513.4,False
77,24,19,553.72,True
78,38,7,657.46,False
78,34,11,715.88,True
79,22,13,355.0,False
79,12,10,395.67,False
79,32,12,349.12,False
80,8,19,752.37,True
80,25,8,733.17,True
81,30,20,64.07,False
81,36,15,58.01,True
82,32,5,52.33,False
82,39,5,49.5,True
83,3,4,84.27,False
84,9,15,163.9,False
84,7,20,159.91,True
85,18,9,343.05,False
85,19,20,372.95,False
85,28,13,378.06,True
86,38,7,189.55,False
86,21,8,181.92,True
86,15,7,168.89,False
87,32,5,518.32,False
87,8,9,536.76,True
88,15,10,439.23,True
89,28,21,545.77,False
89,38,9,483.81,True
90,29,21,405.41,True
90,10,10,371.39,False
90,25,15,407.84,False
91,2,18,635.06,False
91,32,21,594.14,True
92,39,14,157.2,False
93,21,13,425.92,True
94,15,21,610.09,False
94,25,20,551.76,False
95,2,20,239.6,False
95,25,17,243.19,False
96,6,10,95.17,True
96,28,10,97.2,True
97,34,3,373.24,False
97,39,9,323.92,False
97,13,4,353.06,False
98,6,10,600.34,True
98,34,15,583.44,False
99,27,11,192.14,True
100,40,3,383.45,False
101,12,17,170.15,False
101,19,9,146.63,False
101,36,21,164.31,True
102,18,7,746.43,False
103,24,19,138.9,True
103,12,2,126.29,True
103,10,10,130.2,True
104,4,7,250.78,True
104,26,6,259.15,False
104,9,13,273.5,True
105,30,7,50.62,False
106,39,3,194.02,False
107,19,16,356.52,False
108,36,14,334.7,False
108,35,18,307.74,False
109,26,15,262.65,False
109,17,6,290.97,True
109,34,21,299.4,False
110,39,15,327.68,True
111,21,17,418.35,True
112,10,20,626.93,False
112,29,11,589.15,True
113,29,10,744.9,False
114,24,16,16.82,False
114,14,9,19.16,False
115,19,13,546.77,False
116,28,21,504.68,False
116,5,19,519.98,False
117,5,12,494.53,False
117,23,7,479.35,True
118,36,2,20.03,False
118,18,13,18.48,False
118,4,21,19.87,False
119,24,18,166.51,False
119,4,17,162.51,False
120,36,4,522.11,True
120,37,14,470.39,False
120,33,10,455.98,False
121,6,21,132.31,False
122,3,11,640.46,True
123,37,15,82.6,False
123,13,15,79.41,True
124,1,4,274.31,True
125,31,16,806.42,True
125,5,17,709.52,False
125,15,12,770.32,False
126,17,19,245.92,False
126,37,12,249.19,False
127,38,18,150.27,False
128,15,2,524.85,True
129,20,3,675.9,False
129,32,10,590.63,True
129,26,9,665.05,True
130,30,6,286.92,False
131,24,15,85.49,True
131,27,9,80.02,False
131,26,4,88.31,False
132,28,14,720.84,True
133,2,13,503.63,True
133,22,17,573.12,False
134,26,15,629.14,True
135,11,12,544.36,False
135,22,5,500.48,False
135,39,2,506.31,False
136,10,3,551.84,True
137,19,13,268.89,False
138,23,3,415.46,False
138,37,5,406.59,False
138,6,3,447.0,False
139,11,14,386.85,False
140,38,21,84.51,True
140,19,21,77.42,True
141,17,5,444.61,True
141,11,11,411.56,False
141,33,7,458.74,False
142,33,11,185.83,False
142,20,15,190.29,True
143,21,9,637.24,False
143,14,3,598.06,False
144,10,5,135.91,True
145,5,12,381.84,False
145,19,15,371.62,False
145,22,19,390.9,False
146,14,13,450.99,True
146,31,4,442.78,False
146,3,10,468.79,False
147,26,16,488.18,False
147,21,15,531.78,False
148,12,10,464.47,False
148,1,12,444.31,False
148,11,9,471.77,False
149,13,15,80.19,True
149,12,13,89.51,False
150,22,5,702.84,False
150,1,18,671.14,True
151,33,14,147.58,False
151,18,21,148.4,True
151,34,3,137.92,False
152,19,3,190.04,True
152,35,20,200.83,False
152,30,17,207.21,False
153,39,9,436.39,False
153,37,9,405.4,False
154,3,10,177.95,True
154,15,9,167.69,False
154,38,16,173.44,True
155,5,10,477.0,False
156,2,11,600.82,False
156,33,17,621.1,True
157,36,9,637.43,False
157,19,12,565.97,False
157,8,2,614.46,True
158,16,5,604.46,False
158,31,10,608.48,True
158,2,10,633.83,False
159,11,13,246.06,False
160,35,4,583.43,True
160,36,5,661.22,True
161,5,10,91.9,True
162,22,18,407.57,False
162,8,16,391.6,False
163,18,4,710.44,False
163,6,8,732.79,True
163,23,2,775.35,False
164,5,7,538.42,True
165,35,13,625.86,False
165,13,15,633.85,False
165,31,14,645.63,True
166,31,9,135.09,False
166,38,17,129.41,False
166,5,12,131.15,True
167,3,16,188.81,False
168,24,12,460.5,False
169,30,6,273.76,False
169,6,19,270.57,False
170,32,19,588.68,False
170,36,21,596.4,False
171,21,19,485.33,True
171,16,5,428.67,False
171,20,6,476.01,False
172,18,12,551.18,False
173,24,11,27.95,False
173,5,2,28.99,False
173,32,4,28.51,False
174,39,5,231.2,True
174,7,12,240.02,True
174,24,20,235.83,False
175,4,10,753.43,False
176,6,19,196.22,False
176,36,11,189.83,False
176,37,3,196.7,False
177,22,10,786.4,True
178,38,2,236.52,False
179,24,19,738.98,True
179,26,19,838.42,True
180,11,20,311.34,True
180,12,2,300.22,False
181,11,18,433.93,False
182,34,8,729.67,True
182,18,15,696.75,False
182,37,8,768.52,True
183,26,20,701.09,False
184,16,5,744.54,True
184,40,21,720.41,False
185,38,10,58.79,False
185,13,20,53.57,False
186,3,9,612.81,False
187,5,8,585.06,True
187,26,2,621.49,False
187,9,2,598.34,False
188,10,13,68.53,False
188,8,18,72.53,False
189,10,8,550.69,True
190,16,15,549.93,True
190,32,16,560.33,False
190,18,3,616.26,False
191,27,5,447.29,True
192,12,2,166.16,False
192,28,4,169.18,False
193,15,10,558.13,False
193,29,10,500.62,True
193,13,6,488.48,True
194,25,19,201.02,False
194,15,5,193.25,False
195,7,18,351.71,False
195,18,2,312.16,False
196,16,11,103.21,True
197,36,18,147.38,False
197,40,18,127.09,False
197,37,12,143.99,False
198,37,2,317.98,True
198,22,11,330.22,False
199,18,14,396.14,False
199,38,20,389.61,True
199,13,17,393.35,False
200,3,13,298.5,True
200,22,12,299.54,False
