promotion_id,product_id,name,start_date,end_date,promo_price,created_by_user_id,status,manager_validated
1,1,Promo 30% HP,2025-10-19,2025-11-04,85.03,26,ENDED,True
2,187,Promo 30% Asus,2026-01-17,2026-01-22,591.03,12,REJECTED,False
3,129,Promo 5% Epson,2026-02-17,2026-03-04,709.7,12,ENDED,True
4,21,Promo 15% HP,2025-08-31,2025-09-18,843.69,12,ENDED,True
5,67,Promo 25% Asus,2025-12-17,2026-01-05,513.57,2,APPROVED,True
6,181,Promo 25% Dell,2025-10-07,2025-11-01,594.17,12,ACTIVE,True
7,129,Promo 20% Epson,2025-12-15,2025-12-23,597.64,12,ACTIVE,True
8,185,Promo 5% Lenovo,2026-02-22,2026-03-06,66.47,2,ACTIVE,True
9,83,Promo 15% Lenovo,2025-11-27,2025-12-12,123.58,27,REJECTED,False
10,6,Promo 25% Xerox,2025-10-09,2025-10-17,1017.53,12,APPROVED,True
11,146,Promo 5% Dell,2026-02-15,2026-03-09,632.95,27,ENDED,True
12,89,Promo 15% Lenovo,2025-12-06,2025-12-17,645.75,27,ACTIVE,True
13,52,Promo 10% Brother,2026-01-09,2026-01-22,456.95,26,ENDED,True
14,108,Promo 25% Lenovo,2026-02-08,2026-02-21,396.83,12,APPROVED,True
15,25,Promo 15% Logitech,2025-09-04,2025-09-08,346.62,27,APPROVED,True
16,12,Promo 25% Samsung,2025-11-10,2025-11-25,138.12,2,APPROVED,True
17,99,Promo 20% Dell,2026-02-14,2026-02-22,225.06,26,APPROVED,True
18,191,Promo 15% HP,2025-11-22,2025-12-02,462.56,12,REJECTED,False
19,170,Promo 15% Asus,2026-01-25,2026-02-03,621.32,12,ENDED,True
20,15,Promo 30% Logitech,2026-02-23,2026-02-26,342.64,26,STOPPED,True
21,193,Promo 30% Canon,2025-11-17,2025-12-09,556.51,26,ENDED,True
22,155,Promo 25% Samsung,2026-01-18,2026-02-03,612.56,2,ACTIVE,True
23,119,Promo 30% Xerox,2025-12-31,2026-01-04,198.11,2,ACTIVE,True
24,84,Promo 10% Logitech,2026-01-16,2026-01-25,211.69,27,APPROVED,True
25,30,Promo 15% HP,2025-12-24,2026-01-06,310.54,27,ENDED,True
26,22,Promo 10% Epson,2025-11-27,2025-12-05,418.54,26,APPROVED,True
27,83,Promo 25% Lenovo,2026-02-01,2026-03-03,109.04,27,STOPPED,True
28,126,Promo 5% Dell,2025-10-24,2025-11-09,327.98,27,APPROVED,True
29,196,Promo 15% Samsung,2025-10-22,2025-10-26,121.04,12,ACTIVE,True
30,164,Promo 5% Canon,2026-01-29,2026-02-25,893.42,2,ACTIVE,True
31,3,Promo 10% Xerox,2025-11-10,2025-12-10,872.18,2,ACTIVE,True
32,141,Promo 15% Logitech,2026-01-14,2026-01-23,673.36,27,APPROVED,True
33,62,Promo 25% Canon,2025-10-11,2025-10-28,85.47,12,PENDING,False
34,69,Promo 25% Asus,2025-08-31,2025-09-19,431.01,2,APPROVED,True
35,146,Promo 20% Dell,2025-12-03,2025-12-11,533.01,27,ENDED,True
36,71,Promo 5% Xerox,2025-11-26,2025-12-13,957.4,12,ENDED,True
37,105,Promo 25% Samsung,2025-09-12,2025-10-12,53.89,2,ENDED,True
38,131,Promo 15% Asus,2025-09-06,2025-09-09,91.99,2,APPROVED,True
39,27,Promo 10% Asus,2026-01-20,2026-02-07,251.88,12,APPROVED,True
40,94,Promo 30% Epson,2026-02-15,2026-03-12,611.25,26,ENDED,True
41,180,Promo 10% HP,2026-01-10,2026-01-24,410.46,26,ENDED,True
42,107,Promo 20% Brother,2026-01-14,2026-01-23,341.04,12,APPROVED,True
43,132,Promo 25% Samsung,2026-01-20,2026-02-13,682.63,27,ACTIVE,True
44,119,Promo 15% Xerox,2026-01-27,2026-02-06,240.57,27,ACTIVE,True
45,98,Promo 30% Asus,2025-11-15,2025-12-07,620.89,26,APPROVED,True
46,101,Promo 15% Logitech,2025-09-26,2025-10-24,164.4,2,ACTIVE,True
47,150,Promo 15% Asus,2025-12-13,2025-12-30,964.33,26,APPROVED,True
48,157,Promo 20% HP,2025-11-21,2025-12-08,756.06,27,ACTIVE,True
49,117,Promo 15% Epson,2026-02-10,2026-03-06,617.58,12,ENDED,True
50,128,Promo 5% Asus,2026-01-08,2026-01-18,687.95,2,ENDED,True
51,110,Promo 20% Canon,2026-01-23,2026-02-22,320.06,27,APPROVED,True
52,163,Promo 5% Canon,2025-11-02,2025-11-07,1057.65,12,APPROVED,True
53,103,Promo 15% Epson,2025-09-29,2025-10-27,198.85,27,ACTIVE,True
54,18,Promo 20% HP,2026-01-15,2026-01-31,835.75,12,REJECTED,False
55,15,Promo 10% Logitech,2025-10-30,2025-11-25,440.54,12,PENDING,False
56,65,Promo 15% Asus,2026-02-20,2026-03-10,231.3,2,PENDING,False
57,130,Promo 10% Asus,2025-12-26,2026-01-19,329.1,27,APPROVED,True
58,46,Promo 30% Epson,2025-09-11,2025-09-17,802.38,12,APPROVED,True
59,150,Promo 20% Asus,2026-02-24,2026-03-15,907.61,2,APPROVED,True
60,129,Promo 25% Epson,2025-10-11,2025-10-24,560.29,12,PENDING,False
61,194,Promo 30% HP,2025-12-05,2025-12-20,232.08,12,APPROVED,True
62,94,Promo 25% Epson,2026-01-07,2026-01-22,654.91,26,ACTIVE,True
63,11,Promo 30% Brother,2025-09-15,2025-09-22,423.37,26,PENDING,False
64,179,Promo 15% Samsung,2025-10-13,2025-10-29,948.56,27,APPROVED,True
65,57,Promo 5% Asus,2025-11-09,2025-11-21,926.59,12,PENDING,False
66,99,Promo 5% Dell,2025-10-25,2025-11-07,267.25,2,ENDED,True
67,145,Promo 15% Samsung,2025-09-02,2025-09-19,477.27,26,APPROVED,True
68,80,Promo 25% Canon,2025-09-03,2025-09-27,766.78,2,APPROVED,True
69,99,Promo 10% Dell,2025-09-18,2025-10-04,253.19,2,ENDED,True
70,177,Promo 10% Canon,2025-11-08,2025-11-22,1117.48,26,ENDED,True
71,46,Promo 15% Epson,2025-11-19,2025-11-28,974.32,2,APPROVED,True
72,71,Promo 20% Xerox,2026-01-25,2026-01-28,806.23,26,REJECTED,False
73,101,Promo 10% Logitech,2025-11-20,2025-11-25,174.07,2,APPROVED,True
74,105,Promo 5% Samsung,2025-09-14,2025-09-17,68.26,26,APPROVED,True
75,126,Promo 25% Dell,2026-01-09,2026-01-14,258.93,26,APPROVED,True
76,37,Promo 25% Lenovo,2025-12-21,2026-01-08,324.2,12,PENDING,False
77,145,Promo 25% Samsung,2025-09-08,2025-09-15,421.12,2,ACTIVE,True
78,192,Promo 30% Brother,2025-11-24,2025-12-06,163.97,12,STOPPED,True
79,41,Promo 15% Logitech,2025-10-07,2025-11-02,667.73,12,ACTIVE,True
80,55,Promo 5% Samsung,2025-10-12,2025-10-16,330.17,12,ENDED,True
81,25,Promo 30% Logitech,2026-01-15,2026-01-30,285.45,2,APPROVED,True
82,79,Promo 30% HP,2026-01-12,2026-01-25,380.71,26,ENDED,True
83,160,Promo 5% Logitech,2025-12-09,2025-12-28,796.13,2,APPROVED,True
84,100,Promo 20% Lenovo,2025-12-20,2026-01-01,353.78,12,ENDED,True
85,150,Promo 20% Asus,2025-10-10,2025-10-21,907.61,2,ACTIVE,True
86,121,Promo 25% Brother,2025-09-13,2025-09-25,149.72,27,ACTIVE,True
87,93,Promo 10% Xerox,2026-01-04,2026-01-10,549.47,26,APPROVED,True
88,44,Promo 25% Logitech,2025-11-04,2025-11-26,634.88,12,APPROVED,True
89,47,Promo 25% HP,2025-12-01,2025-12-13,221.48,2,PENDING,False
90,177,Promo 30% Canon,2026-02-13,2026-02-23,869.15,2,ENDED,True
91,176,Promo 25% Samsung,2025-12-25,2026-01-17,239.6,27,PENDING,False
92,24,Promo 20% Samsung,2025-10-16,2025-11-09,543.61,27,ACTIVE,True
93,98,Promo 5% Asus,2025-12-27,2026-01-24,842.63,27,STOPPED,True
94,135,Promo 15% Dell,2026-02-21,2026-03-08,673.23,27,APPROVED,True
95,161,Promo 5% Brother,2025-10-15,2025-11-11,127.02,26,ACTIVE,True
96,62,Promo 30% Canon,2025-12-08,2026-01-01,79.77,27,APPROVED,True
97,179,Promo 30% Samsung,2026-01-06,2026-01-20,781.16,2,PENDING,False
98,94,Promo 5% Epson,2026-01-21,2026-02-01,829.56,26,ACTIVE,True
99,115,Promo 30% Asus,2025-09-28,2025-10-06,680.16,26,ACTIVE,True
100,181,Promo 5% Dell,2025-12-08,2025-12-17,752.62,12,APPROVED,True
101,98,Promo 25% Asus,2025-11-26,2025-12-19,665.24,12,ACTIVE,True
102,162,Promo 30% Samsung,2025-09-14,2025-09-24,372.83,2,ENDED,True
103,69,Promo 25% Asus,2025-12-17,2026-01-13,431.01,12,APPROVED,True
104,155,Promo 20% Samsung,2025-12-01,2025-12-14,653.4,2,STOPPED,True
105,15,Promo 30% Logitech,2025-12-05,2025-12-14,342.64,12,REJECTED,False
106,196,Promo 15% Samsung,2025-10-07,2025-11-03,121.04,2,ENDED,True
107,43,Promo 30% Epson,2026-01-19,2026-01-27,371.53,26,ACTIVE,True
108,56,Promo 20% Logitech,2025-12-04,2025-12-27,806.69,26,REJECTED,False
109,4,Promo 5% Asus,2025-11-27,2025-12-13,467.02,26,PENDING,False
110,200,Promo 15% Canon,2026-02-16,2026-03-16,380.38,27,STOPPED,True
111,103,Promo 5% Epson,2025-12-02,2025-12-19,222.24,26,REJECTED,False
112,129,Promo 30% Epson,2025-12-19,2026-01-14,522.93,27,APPROVED,True
113,152,Promo 5% Canon,2025-11-18,2025-11-28,289.84,2,APPROVED,True
114,175,Promo 25% Asus,2025-09-07,2025-09-12,805.9,27,REJECTED,False
115,63,Promo 20% Dell,2025-09-19,2025-10-11,963.11,2,ENDED,True
116,38,Promo 10% Epson,2025-09-20,2025-10-05,375.84,27,ENDED,True
117,113,Promo 10% Dell,2026-01-11,2026-01-29,926.98,2,ENDED,True
118,27,Promo 25% Asus,2025-12-15,2025-12-18,209.9,26,PENDING,False
119,128,Promo 15% Asus,2026-02-17,2026-03-08,615.54,2,REJECTED,False
120,114,Promo 5% Xerox,2025-12-02,2025-12-27,21.01,27,PENDING,False
