po_line_id,po_id,product_id,qty_ordered,unit_cost
1,1,106,115,194.02
2,1,12,31,136.28
3,2,141,61,444.61
4,2,184,22,720.41
5,2,57,99,606.08
6,2,55,32,248.32
7,2,95,17,243.19
8,2,10,37,210.36
9,3,24,48,577.22
10,3,61,83,616.56
11,4,122,93,640.46
12,5,56,106,589.82
13,5,106,118,194.02
14,5,85,17,378.06
15,5,23,69,641.25
16,6,179,49,838.42
17,6,92,101,157.2
18,6,116,76,504.68
19,6,179,26,738.98
20,7,71,29,714.16
21,7,45,110,27.2
22,7,41,34,532.45
23,7,189,10,550.69
24,7,188,27,72.53
25,7,51,110,691.26
26,8,170,62,596.4
27,9,186,31,612.81
28,9,94,85,551.76
29,9,194,117,193.25
30,9,195,43,312.16
31,9,176,60,189.83
32,9,40,93,30.88
33,10,9,73,52.31
34,10,45,92,27.35
35,10,108,18,307.74
36,11,107,18,356.52
37,11,112,34,626.93
38,12,150,47,671.14
39,12,116,25,504.68
40,12,153,73,405.4
41,12,170,77,588.68
42,12,56,62,669.52
43,13,67,82,505.55
44,13,55,98,248.32
45,13,198,111,317.98
46,14,24,116,566.68
47,14,149,19,80.19
48,14,178,21,236.52
49,14,14,34,711.33
50,15,133,28,503.63
51,16,156,74,621.1
52,16,19,35,509.36
53,16,138,75,406.59
54,16,22,48,357.46
55,16,135,73,544.36
56,17,46,10,835.67
57,17,110,67,327.68
58,18,38,84,316.55
59,18,114,14,16.82
60,18,109,97,290.97
61,18,163,74,775.35
62,18,21,99,799.67
63,19,8,9,166.53
64,19,196,6,103.21
65,19,200,8,299.54
66,20,194,100,193.25
67,20,164,79,538.42
68,21,138,87,415.46
69,21,96,12,97.2
70,21,162,100,407.57
71,21,155,8,477.0
72,22,166,42,129.41
73,22,193,42,558.13
74,22,67,25,523.64
75,22,22,74,357.46
76,22,38,81,316.55
77,23,39,27,815.05
78,24,121,10,132.31
79,24,130,60,286.92
80,24,120,8,522.11
81,24,12,81,136.99
82,25,163,48,732.79
83,25,23,51,641.29
84,25,186,71,612.81
85,26,32,35,383.78
86,26,106,24,194.02
87,26,69,70,452.78
88,26,59,46,19.41
89,26,95,89,243.19
90,27,97,98,373.24
91,27,11,75,411.87
92,27,183,10,701.09
93,27,161,65,91.9
94,27,14,57,702.66
95,28,91,105,594.14
96,28,5,103,345.63
97,28,160,104,583.43
98,28,163,114,710.44
99,28,135,28,506.31
100,29,101,37,146.63
101,30,161,98,91.9
102,30,67,114,505.55
103,30,165,27,625.86
104,31,97,96,323.92
105,31,196,29,103.21
106,32,40,91,30.79
107,32,17,23,49.6
108,33,166,90,129.41
109,33,171,98,485.33
110,33,79,57,355.0
111,33,77,25,553.72
112,33,6,36,831.52
113,34,55,18,230.18
114,34,80,104,752.37
115,34,65,15,219.09
116,34,119,116,162.51
117,35,193,52,558.13
118,35,194,42,201.02
119,35,11,28,366.68
120,36,140,92,84.51
121,36,48,42,8.57
122,36,50,115,65.57
123,37,106,106,194.02
124,37,72,115,721.12
125,37,75,70,549.81
126,38,28,52,353.41
127,38,62,76,71.52
128,38,179,69,838.42
129,38,133,27,503.63
130,38,71,47,786.81
131,38,186,22,612.81
132,39,75,92,556.84
133,40,196,110,103.21
134,40,91,29,594.14
135,41,57,108,606.08
136,41,37,108,294.04
137,41,27,16,209.18
138,41,25,96,261.14
139,41,154,63,167.69
140,41,135,64,544.36
141,42,152,16,207.21
142,42,162,91,407.57
143,43,83,33,84.27
144,43,11,117,366.68
145,43,105,114,50.62
146,43,9,97,52.31
147,43,20,15,463.81
148,43,193,83,500.62
149,44,119,69,166.51
150,45,48,31,8.89
151,46,200,58,299.54
152,46,29,75,154.5
153,46,33,112,262.2
154,47,121,86,132.31
155,47,180,68,300.22
156,47,68,98,696.79
157,48,107,5,356.52
158,48,159,92,246.06
159,48,55,55,248.32
160,48,95,83,239.6
161,48,89,22,483.81
162,48,15,14,377.2
163,49,164,103,538.42
164,49,148,41,464.47
165,49,28,74,382.16
166,49,75,33,556.84
167,49,60,55,447.29
168,50,36,101,428.6
169,50,105,29,50.62
170,50,44,109,511.44
171,50,186,25,612.81
172,50,56,82,589.82
173,51,71,47,786.81
174,51,87,58,536.76
175,51,20,16,453.52
176,51,66,9,239.77
177,52,162,7,407.57
178,52,200,106,298.5
179,52,87,35,536.76
180,53,25,19,261.14
181,53,192,21,166.16
182,53,110,104,327.68
183,53,5,10,345.63
184,53,50,116,65.57
185,53,15,71,377.2
186,54,40,92,30.88
187,54,117,14,494.53
188,54,83,100,84.27
189,54,55,17,248.32
190,55,14,109,711.33
191,55,111,70,418.35
192,55,141,28,411.56
193,56,196,76,103.21
194,56,165,120,633.85
195,56,37,84,294.04
196,56,54,72,140.67
197,57,78,119,657.46
198,57,142,5,190.29
199,58,123,115,79.41
200,58,171,75,476.01
201,59,96,83,97.2
202,59,186,20,612.81
203,59,14,18,702.66
204,59,171,52,428.67
205,59,116,93,519.98
206,59,178,7,236.52
207,60,149,95,80.19
208,60,17,107,53.51
209,60,75,41,556.84
210,60,147,28,488.18
211,60,5,96,345.63
212,61,181,78,433.93
213,61,160,85,661.22
214,61,108,103,307.74
215,61,160,78,661.22
216,61,97,116,323.92
217,62,76,23,513.4
218,62,138,105,415.46
219,62,94,79,551.76
220,62,99,86,192.14
221,62,146,36,468.79
222,63,80,77,752.37
223,63,159,106,246.06
224,63,50,27,65.57
225,63,49,18,586.32
226,63,48,112,8.89
227,64,144,12,135.91
228,64,105,84,50.62
229,64,180,7,311.34
230,64,143,65,598.06
231,64,40,55,30.79
232,65,192,32,166.16
233,65,80,76,752.37
234,66,63,120,769.67
235,66,134,22,629.14
236,66,169,119,270.57
237,66,144,101,135.91
238,66,5,112,345.63
239,66,73,110,620.78
240,67,178,77,236.52
241,67,157,60,565.97
242,68,196,50,103.21
243,68,140,91,84.51
244,68,38,60,329.13
245,68,170,39,588.68
246,68,24,105,577.22
247,69,19,111,509.36
248,69,56,6,589.82
249,69,144,66,135.91
250,69,110,17,327.68
251,69,173,111,27.95
252,69,176,117,189.83
253,70,147,48,531.78
254,70,193,20,558.13
255,70,65,112,244.1
256,71,62,80,71.52
257,71,198,44,330.22
258,72,123,101,82.6
259,72,58,5,657.68
260,73,17,12,53.51
261,73,30,111,210.66
262,73,196,54,103.21
263,73,129,30,590.63
264,74,17,53,53.51
265,75,162,82,407.57
266,75,19,114,509.36
267,75,189,46,550.69
268,76,150,61,702.84
269,76,165,57,625.86
270,77,5,119,345.63
271,77,127,61,150.27
272,77,114,81,16.82
273,78,186,56,612.81
274,78,196,115,103.21
275,79,5,76,345.63
276,79,24,100,566.68
277,79,126,97,249.19
278,80,6,55,824.23
279,80,135,91,500.48
280,80,137,38,268.89
281,81,23,21,641.25
282,81,81,50,64.07
283,82,120,74,522.11
284,83,27,15,219.35
285,83,155,25,477.0
286,83,1,53,91.77
287,83,29,33,154.5
288,83,193,59,558.13
289,83,61,110,660.5
290,84,140,78,84.51
291,84,89,53,545.77
292,84,32,29,383.78
293,84,56,62,669.52
294,85,13,97,556.2
295,85,44,115,511.44
296,85,149,46,80.19
297,85,13,23,600.13
298,85,102,42,746.43
299,86,71,41,714.16
300,86,14,35,702.66
301,86,116,31,504.68
302,86,175,37,753.43
303,87,190,106,616.26
304,87,128,90,524.85
305,87,132,26,720.84
306,87,48,14,8.57
307,88,27,85,209.18
308,88,50,38,65.57
309,89,189,111,550.69
310,89,126,105,245.92
311,89,188,92,72.53
312,90,139,36,386.85
313,90,30,113,210.66
314,91,87,34,536.76
315,92,151,74,137.92
316,92,185,86,58.79
317,92,110,56,327.68
318,92,175,20,753.43
319,92,117,66,479.35
320,92,180,12,300.22
321,93,200,108,298.5
322,93,38,115,332.48
323,93,4,51,360.83
324,93,196,5,103.21
325,93,97,74,323.92
326,94,162,49,407.57
327,94,84,91,163.9
328,95,199,47,393.35
329,96,146,24,450.99
330,96,188,14,68.53
331,96,134,88,629.14
332,96,198,27,317.98
333,97,194,81,193.25
334,97,11,76,366.68
335,97,152,73,190.04
336,97,198,92,330.22
337,98,5,25,345.63
338,98,33,119,262.2
339,98,10,113,210.36
340,98,85,107,378.06
341,98,9,82,52.31
342,99,75,87,549.81
343,99,34,43,157.86
344,99,156,48,600.82
345,99,189,83,550.69
346,99,132,75,720.84
347,100,161,74,91.9
348,100,130,63,286.92
349,100,193,9,558.13
350,100,178,88,236.52
351,101,103,62,126.29
352,101,100,66,383.45
353,101,51,74,655.58
354,101,197,89,147.38
355,101,48,8,8.57
356,102,17,97,49.6
357,102,161,89,91.9
358,102,119,68,166.51
359,102,157,73,565.97
360,102,127,54,150.27
361,103,128,96,524.85
362,103,40,112,30.88
363,103,34,45,157.86
364,103,133,78,573.12
365,103,51,68,655.58
366,104,103,87,138.9
367,105,179,39,838.42
368,106,187,84,598.34
369,106,85,92,378.06
370,106,117,77,494.53
371,106,10,8,210.36
372,107,200,100,298.5
373,107,88,114,439.23
374,108,118,80,20.03
375,108,101,30,146.63
376,108,36,50,466.98
377,108,157,42,614.46
378,109,137,99,268.89
379,109,148,113,464.47
380,109,69,106,446.39
381,109,101,111,170.15
382,109,57,115,648.56
383,109,50,74,65.57
384,110,21,92,799.67
385,110,175,46,753.43
386,110,48,73,8.76
387,111,88,54,439.23
388,111,43,78,379.34
389,112,57,48,648.56
390,112,136,82,551.84
391,112,176,52,189.83
392,112,27,33,219.35
393,112,130,18,286.92
394,112,144,95,135.91
395,113,99,113,192.14
396,113,144,46,135.91
397,113,5,83,345.63
398,114,2,29,108.11
399,114,79,85,355.0
400,115,124,81,274.31
401,116,86,79,181.92
402,116,61,39,616.56
403,116,10,16,210.36
404,116,94,31,551.76
405,116,101,44,146.63
406,116,23,46,687.62
407,117,28,32,382.16
408,117,187,27,585.06
409,118,135,17,544.36
410,118,61,107,616.56
411,118,110,62,327.68
412,118,82,10,52.33
413,118,5,84,345.63
414,118,69,113,446.39
415,119,10,104,210.67
416,120,152,72,200.83
417,120,122,76,640.46
418,120,16,82,121.0
419,120,188,111,72.53
420,120,34,101,160.43
421,120,123,5,82.6
422,121,143,114,598.06
423,121,197,49,143.99
424,121,103,25,130.2
425,121,36,47,466.98
426,121,143,108,598.06
427,122,130,58,286.92
428,122,194,62,201.02
429,122,138,61,415.46
430,122,72,43,721.12
431,122,43,22,379.34
432,123,172,40,551.18
433,123,139,85,386.85
434,123,87,98,518.32
435,123,151,59,148.4
436,123,94,106,551.76
437,123,82,105,49.5
438,124,158,20,608.48
439,124,22,108,357.46
440,124,178,59,236.52
441,125,11,24,411.87
442,126,61,21,660.5
443,127,54,5,140.67
444,128,163,59,732.79
445,128,143,99,598.06
446,128,47,92,258.65
447,128,26,41,392.7
448,128,78,41,715.88
449,128,134,72,629.14
450,129,177,33,786.4
451,129,109,62,262.65
452,129,164,105,538.42
453,129,113,97,744.9
454,130,132,99,720.84
455,130,181,26,433.93
456,130,95,41,243.19
457,131,189,22,550.69
458,132,2,85,108.11
459,132,79,84,355.0
460,132,24,12,566.68
461,132,97,99,373.24
462,132,3,118,592.91
463,132,24,71,566.68
464,133,184,75,720.41
465,133,119,49,166.51
466,134,133,95,573.12
467,134,23,90,687.62
468,134,117,27,494.53
469,134,47,120,258.65
470,135,161,39,91.9
471,135,124,22,274.31
472,135,98,24,600.34
473,135,147,9,488.18
474,135,84,23,159.91
475,136,142,35,190.29
476,136,187,18,585.06
477,136,101,11,170.15
478,136,141,116,411.56
479,136,47,96,255.07
480,136,113,20,744.9
481,137,114,105,16.82
482,137,184,98,744.54
483,138,47,27,258.65
484,138,40,78,30.79
485,138,146,83,450.99
486,139,110,107,327.68
487,139,84,89,159.91
488,139,150,14,671.14
489,139,164,43,538.42
490,139,61,75,616.56
491,139,141,23,411.56
492,140,63,106,769.67
493,140,148,114,471.77
494,140,139,31,386.85
495,140,82,76,49.5
496,140,79,39,355.0
497,140,107,20,356.52
498,141,101,42,170.15
499,141,64,7,575.24
500,142,199,68,396.14
501,142,157,96,565.97
502,142,186,19,612.81
503,142,47,119,255.07
504,142,115,82,546.77
505,143,18,25,666.08
506,143,15,47,377.2
507,143,64,90,575.17
508,143,153,64,436.39
509,144,84,22,159.91
510,144,149,76,89.51
511,144,133,36,573.12
512,144,34,24,160.43
513,144,8,108,166.53
514,144,173,101,28.51
515,145,49,27,583.89
516,145,10,118,210.67
517,145,12,38,136.99
518,145,195,75,312.16
519,145,126,82,245.92
520,146,176,31,189.83
521,146,178,99,236.52
522,146,185,95,58.79
523,147,137,55,268.89
524,147,16,107,118.93
525,147,193,106,558.13
526,147,197,10,127.09
527,147,52,7,377.47
528,147,72,43,714.23
529,148,118,13,20.03
530,149,200,24,298.5
531,150,7,16,343.37
532,150,78,30,657.46
533,150,123,40,79.41
534,150,168,116,460.5
535,150,189,70,550.69
536,150,50,12,65.57
537,151,107,65,356.52
538,151,22,31,357.46
539,151,176,80,196.22
540,151,128,16,524.85
541,151,156,19,600.82
542,152,39,19,815.05
543,152,54,25,140.67
544,152,31,115,718.46
545,152,176,94,189.83
546,152,118,57,19.87
547,152,120,101,455.98
548,153,29,53,154.5
549,154,31,84,696.11
550,155,191,72,447.29
551,155,195,61,351.71
552,155,64,30,575.24
553,155,160,100,583.43
554,155,187,32,621.49
555,155,10,42,210.36
556,156,4,89,360.83
557,156,46,63,835.67
558,156,167,117,188.81
559,156,171,108,485.33
560,156,78,104,715.88
561,157,26,16,392.7
562,157,73,7,620.78
563,158,3,78,592.91
564,158,171,46,485.33
565,158,35,24,743.64
566,159,94,49,610.09
567,159,185,53,53.57
568,159,17,108,54.01
569,159,190,99,549.93
570,159,168,5,460.5
571,159,55,96,230.18
572,160,199,17,396.14
573,161,109,50,290.97
574,161,141,46,411.56
575,162,67,14,523.64
576,163,109,20,290.97
577,164,127,40,150.27
578,164,16,26,121.0
579,164,154,84,167.69
580,164,16,61,121.0
581,164,185,97,53.57
582,165,59,21,19.41
583,165,33,115,306.3
584,165,73,72,601.45
585,165,167,120,188.81
586,166,162,87,407.57
587,166,2,33,96.14
588,166,180,95,311.34
589,166,74,9,247.76
590,166,64,12,575.17
591,166,32,7,383.78
592,167,197,86,147.38
593,167,116,52,519.98
594,167,109,119,299.4
595,167,79,84,349.12
596,167,17,52,53.51
597,168,109,112,290.97
598,168,45,36,27.2
599,168,65,66,219.09
600,169,1,19,88.21
601,169,12,76,136.99
602,169,16,103,121.0
603,169,31,107,696.11
604,170,106,75,194.02
605,170,59,17,19.41
606,170,116,56,504.68
607,170,71,102,714.16
608,170,24,67,566.68
609,170,42,59,282.08
610,171,172,51,551.18
611,171,115,18,546.77
612,171,38,80,329.13
613,171,8,116,166.53
614,171,185,18,58.79
615,171,88,95,439.23
616,172,105,62,50.62
617,173,21,11,799.67
618,173,74,51,222.47
619,173,136,40,551.84
620,174,30,95,210.66
621,174,51,8,691.26
622,175,174,50,235.83
623,175,115,59,546.77
624,175,181,59,433.93
625,175,153,37,405.4
626,175,128,8,524.85
627,176,199,30,393.35
628,176,156,56,621.1
629,176,41,110,532.45
630,176,113,37,744.9
631,176,112,118,589.15
632,176,101,60,146.63
633,177,36,94,428.6
634,177,122,7,640.46
635,178,109,17,262.65
636,178,80,47,752.37
637,178,161,80,91.9
638,178,7,101,343.37
639,179,125,90,770.32
640,179,120,20,455.98
641,179,65,9,219.09
642,179,6,100,824.23
643,179,168,38,460.5
644,180,145,101,390.9
645,180,180,114,300.22
646,180,182,85,729.67
647,180,179,39,838.42
648,180,147,5,531.78
649,180,81,36,58.01
650,181,156,69,621.1
651,181,10,108,210.67
652,181,151,43,148.4
653,181,166,111,131.15
654,181,154,110,173.44
655,182,58,87,657.68
656,182,17,30,54.01
657,182,119,80,162.51
658,182,113,92,744.9
659,182,31,109,696.11
660,182,107,53,356.52
661,183,26,24,392.7
662,183,56,67,589.82
663,183,74,11,222.47
664,183,125,66,770.32
665,184,112,28,589.15
666,184,54,99,140.67
667,184,177,70,786.4
668,185,115,108,546.77
669,185,4,13,360.83
670,185,183,110,701.09
671,185,68,26,696.79
672,185,111,113,418.35
673,186,118,109,20.03
674,186,139,113,386.85
675,186,44,18,511.44
676,186,23,57,687.62
677,186,15,112,351.38
678,187,140,107,84.51
679,188,130,118,286.92
680,188,200,79,298.5
681,188,115,120,546.77
682,188,38,119,316.55
683,188,29,15,154.5
684,189,151,42,148.4
685,189,170,70,596.4
686,189,8,109,166.53
687,189,19,74,509.36
688,189,103,119,126.29
689,189,67,43,523.64
690,190,92,71,157.2
691,190,132,99,720.84
692,190,60,78,435.96
693,190,113,69,744.9
694,191,16,108,133.58
695,191,7,38,343.37
696,192,24,111,577.22
697,192,47,112,255.07
698,192,49,53,594.3
699,192,145,15,390.9
700,192,77,81,553.72
701,192,104,16,259.15
702,193,154,90,173.44
703,193,109,76,290.97
704,194,163,11,710.44
705,194,69,10,446.39
706,194,151,50,147.58
707,194,59,96,19.41
708,194,31,38,718.46
709,194,23,106,687.62
710,195,127,120,150.27
711,196,173,119,28.99
712,196,177,75,786.4
713,196,143,33,598.06
714,197,169,90,270.57
715,197,165,55,645.63
716,197,47,42,258.65
717,197,164,10,538.42
718,197,155,58,477.0
719,198,68,83,696.79
720,198,110,8,327.68
721,198,69,62,446.39
722,198,131,44,80.02
723,198,39,13,815.05
724,198,114,6,19.16
725,199,41,50,532.45
726,199,149,102,89.51
727,200,1,69,88.21
728,200,147,106,488.18
729,201,158,10,633.83
730,201,112,22,589.15
731,202,148,13,444.31
732,202,109,7,299.4
733,202,160,111,583.43
734,202,17,16,53.51
735,202,77,14,553.72
736,203,194,81,193.25
737,203,164,109,538.42
738,203,42,110,282.08
739,203,53,96,154.16
740,203,105,18,50.62
741,203,60,32,435.96
742,204,64,10,575.17
743,204,66,46,239.77
744,205,6,26,797.55
745,205,93,40,425.92
746,205,193,43,500.62
747,205,127,23,150.27
748,205,68,20,696.79
749,205,158,17,604.46
750,206,8,105,166.53
751,206,146,58,468.79
752,206,103,113,130.2
753,207,33,94,306.3
754,207,67,81,523.64
755,207,138,78,415.46
756,207,193,74,488.48
757,207,162,10,407.57
758,208,119,111,162.51
759,208,142,23,185.83
760,208,25,39,270.44
761,208,21,61,799.67
762,209,160,28,583.43
763,209,101,85,146.63
764,209,97,38,353.06
765,210,149,55,89.51
766,210,179,84,838.42
767,210,141,61,444.61
768,210,80,69,752.37
769,210,98,77,583.44
770,210,80,93,752.37
771,211,169,11,270.57
772,211,29,20,154.5
773,211,158,22,633.83
774,212,64,94,575.24
775,212,98,118,600.34
776,212,178,10,236.52
777,213,175,98,753.43
778,213,16,34,118.93
779,213,153,73,436.39
780,213,193,103,558.13
781,214,106,95,194.02
782,214,166,21,131.15
783,215,15,53,377.2
784,215,125,5,770.32
785,215,13,8,566.98
786,215,153,88,436.39
787,215,167,78,188.81
788,216,65,27,219.09
789,216,13,42,556.2
790,216,97,53,373.24
791,216,175,115,753.43
792,216,71,105,711.48
793,217,84,106,163.9
794,218,109,115,299.4
795,218,94,67,610.09
796,218,194,61,193.25
797,219,197,45,143.99
798,219,57,29,606.08
799,219,130,108,286.92
800,220,104,117,250.78
801,220,98,105,600.34
802,220,34,114,149.28
