po_id,supplier_id,status,created_at,received_at,created_by_user_id
1,36,RECEIVED,2026-02-23,2026-02-28,11
2,30,RECEIVED,2025-11-14,2025-11-18,10
3,1,RECEIVED,2025-09-30,2025-10-10,21
4,8,RECEIVED,2026-02-04,2026-02-23,14
5,18,SENT,2025-10-12,,5
6,38,RECEIVED,2025-12-31,2026-01-10,5
7,2,DRAFT,2025-08-22,,5
8,14,SENT,2026-01-08,,21
9,15,SENT,2025-09-22,,10
10,5,RECEIVED,2026-01-18,2026-01-20,11
11,6,SENT,2025-08-16,,10
12,11,RECEIVED,2025-12-21,2026-01-09,24
13,28,RECEIVED,2026-01-14,2026-01-30,17
14,2,RECEIVED,2026-01-08,2026-01-22,24
15,35,RECEIVED,2026-01-30,2026-02-13,11
16,35,RECEIVED,2025-12-30,2026-01-08,5
17,6,SENT,2025-12-23,,24
18,14,RECEIVED,2026-01-23,2026-02-01,10
19,21,SENT,2025-11-02,,17
20,2,RECEIVED,2025-08-04,2025-08-08,18
21,6,RECEIVED,2026-02-06,2026-02-23,10
22,10,SENT,2025-11-29,,10
23,37,RECEIVED,2025-10-12,2025-10-29,24
24,19,RECEIVED,2025-10-22,2025-10-25,18
25,4,RECEIVED,2026-02-27,2026-03-08,19
26,18,SENT,2025-10-15,,19
27,4,SENT,2025-11-26,,11
28,14,RECEIVED,2025-12-28,2026-01-16,21
29,9,DRAFT,2026-02-11,,5
30,34,RECEIVED,2026-01-27,2026-02-14,5
31,36,RECEIVED,2025-10-29,2025-11-07,24
32,34,DRAFT,2025-09-15,,17
33,26,RECEIVED,2025-09-22,2025-09-29,24
34,27,RECEIVED,2025-08-18,2025-08-31,24
35,3,RECEIVED,2025-08-01,2025-08-15,11
36,26,SENT,2025-08-10,,18
37,2,DRAFT,2025-09-09,,19
38,37,RECEIVED,2025-08-03,2025-08-05,14
39,30,RECEIVED,2025-09-24,2025-09-27,18
40,4,SENT,2025-12-15,,14
41,34,RECEIVED,2025-12-24,2025-12-29,19
42,8,DRAFT,2025-10-11,,14
43,13,SENT,2025-10-24,,19
44,33,RECEIVED,2025-10-23,2025-11-04,19
45,27,RECEIVED,2025-08-12,2025-08-30,5
46,2,DRAFT,2025-08-04,,10
47,39,RECEIVED,2025-10-16,2025-10-25,19
48,19,CANCELLED,2025-08-01,,10
49,20,DRAFT,2025-09-26,,10
50,34,SENT,2025-10-28,,5
51,39,SENT,2025-10-21,,14
52,19,RECEIVED,2026-01-25,2026-02-09,5
53,32,RECEIVED,2025-11-18,2025-11-21,24
54,14,RECEIVED,2025-11-27,2025-12-01,5
55,12,SENT,2025-08-15,,18
56,28,SENT,2025-10-04,,21
57,17,RECEIVED,2025-12-15,2025-12-18,10
58,34,RECEIVED,2025-11-05,2025-11-17,17
59,34,RECEIVED,2026-01-24,2026-02-01,14
60,39,DRAFT,2025-08-01,,18
61,29,RECEIVED,2025-12-24,2025-12-31,19
62,19,RECEIVED,2025-10-09,2025-10-25,10
63,10,RECEIVED,2025-12-05,2025-12-16,5
64,15,RECEIVED,2025-12-14,2025-12-29,19
65,8,RECEIVED,2025-11-02,2025-11-04,21
66,15,RECEIVED,2025-10-17,2025-10-29,18
67,1,CANCELLED,2025-12-01,,10
68,22,RECEIVED,2026-02-20,2026-02-26,19
69,36,RECEIVED,2025-11-22,2025-12-05,19
70,10,SENT,2025-08-15,,24
71,13,SENT,2025-08-13,,24
72,33,RECEIVED,2025-12-20,2025-12-23,5
73,1,RECEIVED,2025-09-10,2025-09-25,19
74,5,RECEIVED,2026-02-07,2026-02-19,5
75,34,RECEIVED,2026-02-13,2026-02-23,10
76,4,RECEIVED,2025-11-03,2025-11-10,24
77,10,RECEIVED,2026-02-15,2026-02-24,17
78,19,SENT,2025-11-19,,21
79,27,SENT,2025-09-09,,11
80,31,RECEIVED,2025-11-21,2025-11-28,10
81,5,SENT,2026-01-09,,21
82,11,SENT,2026-01-07,,19
83,6,DRAFT,2025-11-01,,11
84,33,SENT,2025-09-09,,21
85,5,RECEIVED,2025-09-10,2025-09-21,17
86,33,CANCELLED,2026-02-16,,10
87,7,RECEIVED,2025-11-18,2025-11-23,11
88,1,RECEIVED,2026-01-17,2026-02-03,24
89,34,SENT,2025-11-12,,24
90,39,SENT,2025-11-07,,19
91,33,RECEIVED,2026-01-13,2026-01-25,19
92,37,RECEIVED,2025-08-19,2025-08-21,21
93,26,SENT,2025-10-23,,19
94,10,RECEIVED,2026-02-06,2026-02-13,11
95,11,CANCELLED,2026-02-05,,18
96,35,CANCELLED,2025-11-05,,17
97,5,SENT,2025-10-04,,19
98,18,RECEIVED,2025-12-29,2026-01-17,17
99,15,RECEIVED,2025-09-11,2025-09-26,17
100,5,DRAFT,2025-09-15,,18
101,29,RECEIVED,2026-02-04,2026-02-11,14
102,40,SENT,2025-11-04,,10
103,35,RECEIVED,2026-01-20,2026-02-09,19
104,3,RECEIVED,2025-08-09,2025-08-21,24
105,12,RECEIVED,2025-09-06,2025-09-15,18
106,2,RECEIVED,2025-09-11,2025-09-24,19
107,8,SENT,2026-01-16,,24
108,24,SENT,2025-12-21,,24
109,12,SENT,2025-09-17,,11
110,37,SENT,2026-02-01,,11
111,22,CANCELLED,2025-08-27,,21
112,11,CANCELLED,2025-11-16,,14
113,26,RECEIVED,2025-11-25,2025-12-12,24
114,21,RECEIVED,2025-08-18,2025-08-29,17
115,40,RECEIVED,2026-01-28,2026-02-15,10
116,31,DRAFT,2026-01-16,,24
117,19,SENT,2025-11-03,,18
118,24,RECEIVED,2025-09-22,2025-10-07,21
119,10,RECEIVED,2025-09-02,2025-09-07,17
120,23,RECEIVED,2026-01-13,2026-01-31,10
121,18,SENT,2025-11-27,,24
122,28,DRAFT,2025-11-13,,18
123,32,SENT,2025-08-31,,18
124,40,SENT,2025-12-16,,11
125,22,SENT,2026-02-21,,5
126,20,RECEIVED,2025-11-24,2025-12-14,14
127,8,SENT,2025-08-07,,18
128,21,RECEIVED,2025-12-02,2025-12-20,14
129,40,RECEIVED,2025-11-21,2025-12-08,11
130,19,RECEIVED,2025-09-16,2025-09-18,11
131,14,RECEIVED,2026-02-10,2026-02-17,24
132,13,SENT,2026-02-11,,11
133,16,SENT,2025-11-13,,11
134,2,SENT,2025-10-14,,21
135,23,RECEIVED,2025-10-28,2025-11-07,18
136,40,RECEIVED,2026-02-04,2026-02-20,19
137,31,DRAFT,2026-01-14,,14
138,14,RECEIVED,2025-10-06,2025-10-13,5
139,14,RECEIVED,2025-08-22,2025-08-29,10
140,16,SENT,2026-01-16,,18
141,32,RECEIVED,2025-08-26,2025-09-12,14
142,37,SENT,2025-12-04,,17
143,38,DRAFT,2025-11-07,,11
144,34,RECEIVED,2025-10-23,2025-10-31,21
145,7,RECEIVED,2026-01-24,2026-02-07,5
146,30,RECEIVED,2025-10-18,2025-11-07,21
147,24,RECEIVED,2025-09-10,2025-09-17,14
148,16,RECEIVED,2025-11-20,2025-12-10,18
149,23,CANCELLED,2026-01-17,,10
150,37,RECEIVED,2026-01-16,2026-02-05,18
151,40,SENT,2025-08-01,,5
152,10,DRAFT,2025-11-18,,11
153,9,SENT,2026-02-14,,10
154,26,SENT,2026-02-01,,11
155,3,SENT,2025-11-05,,18
156,37,RECEIVED,2026-01-09,2026-01-21,14
157,34,SENT,2026-02-01,,17
158,36,RECEIVED,2025-09-06,2025-09-24,11
159,39,RECEIVED,2025-12-16,2025-12-18,14
160,37,SENT,2025-09-28,,21
161,15,SENT,2025-11-03,,17
162,35,RECEIVED,2025-11-26,2025-12-02,14
163,10,SENT,2026-02-21,,21
164,24,SENT,2025-09-23,,14
165,6,RECEIVED,2025-11-09,2025-11-29,5
166,7,SENT,2025-12-02,,11
167,40,RECEIVED,2025-11-27,2025-12-11,21
168,29,RECEIVED,2025-09-29,2025-10-12,18
169,7,RECEIVED,2026-01-23,2026-02-02,21
170,33,DRAFT,2026-01-27,,5
171,34,RECEIVED,2026-02-17,2026-03-07,10
172,4,DRAFT,2025-11-01,,24
173,7,DRAFT,2025-12-26,,14
174,32,SENT,2025-12-13,,19
175,2,RECEIVED,2025-10-06,2025-10-19,24
176,14,RECEIVED,2026-01-28,2026-02-09,14
177,10,RECEIVED,2026-02-07,2026-02-11,24
178,3,CANCELLED,2026-02-13,,19
179,5,SENT,2025-08-08,,21
180,38,RECEIVED,2025-12-29,2026-01-17,10
181,5,RECEIVED,2025-12-08,2025-12-11,17
182,32,RECEIVED,2025-11-18,2025-12-06,21
183,39,RECEIVED,2025-10-08,2025-10-13,19
184,37,SENT,2025-12-21,,11
185,38,SENT,2025-09-28,,10
186,9,SENT,2026-02-21,,5
187,11,RECEIVED,2025-09-11,2025-09-13,17
188,6,RECEIVED,2025-12-29,2026-01-18,24
189,29,RECEIVED,2026-02-22,2026-03-13,24
190,35,SENT,2026-01-23,,10
191,24,CANCELLED,2025-11-07,,24
192,35,RECEIVED,2026-02-16,2026-02-28,21
193,6,RECEIVED,2026-01-18,2026-02-04,17
194,33,RECEIVED,2026-01-20,2026-02-03,21
195,38,SENT,2025-11-11,,19
196,36,SENT,2025-09-16,,21
197,22,RECEIVED,2025-08-26,2025-08-31,21
198,19,RECEIVED,2025-09-24,2025-10-13,14
199,10,SENT,2025-10-07,,19
200,16,RECEIVED,2025-09-19,2025-10-08,24
201,15,RECEIVED,2025-12-21,2026-01-09,24
202,17,RECEIVED,2025-11-18,2025-12-06,21
203,14,RECEIVED,2026-01-30,2026-02-08,18
204,31,RECEIVED,2025-08-27,2025-08-29,18
205,36,DRAFT,2025-10-20,,18
206,28,RECEIVED,2025-12-08,2025-12-16,17
207,5,RECEIVED,2025-10-30,2025-11-16,10
208,35,CANCELLED,2025-10-12,,5
209,18,RECEIVED,2025-11-14,2025-11-19,14
210,35,RECEIVED,2025-11-11,2025-11-30,14
211,6,SENT,2025-12-06,,17
212,39,SENT,2025-09-07,,21
213,23,DRAFT,2026-01-29,,10
214,36,RECEIVED,2025-08-05,2025-08-20,18
215,7,RECEIVED,2025-10-19,2025-10-31,18
216,20,SENT,2025-08-05,,24
217,36,RECEIVED,2025-09-23,2025-10-10,19
218,28,SENT,2025-12-22,,17
219,22,RECEIVED,2025-10-13,2025-11-02,21
220,39,RECEIVED,2026-02-20,2026-03-01,18
